STATION_PK_SEQ,EVENT_PK_SEQ,CRUISE_NAME,STATION,EVENT_NUMBER,OPERATION,EVENT_DATE,CTD_CAST_NUMBER,SITE_ID,LATITUDE,LONGITUDE,GROUNDFISH_STRATUM,SURFACE_TEMPERATURE,TOW_PROFILE,TOW_PROTOCOL,TOW_TIME_DURATION,TOW_MAXIMUM_DEPTH,MAXIMUM_WIRE_OUT,BOTTOM_DEPTH_MAX_WIRE_OUT,DOE,DOC,UOE,UOC,wodcast,CTD_SSS,CTD_SST,CTD_BotDepth,DOY,GEAR_VOLUME_FILTERED_1,GEAR_1,ICH_HAUL_FACTOR_1,PRESERVATIVE_1,PROCESSED_2,GEAR_2,GEAR_VOLUME_FILTERED_2,ICH_HAUL_FACTOR_2,PRESERVATIVE_2,BLUEFIN_2,PROCESSED_1,BLUEFIN_1,MODEL_DEPTH
37393,68072,HB1303,1,1,BON/CTD,7/2/13 8:56,1,1,39.675,-73.92,3170,18.05,OBL,OT,832,24,56,27,17-Sep-0014,17-Sep-0014,PLANKTON,PLANKTON,16415804,31.63500023,18.05999947,27,183.3720833,275.928,6B3I,0.87,Formalin,Not Sorted-- 1/4 aliquot available?,6B3Z,322.699,NaN,Formalin,NaN,Poland,0,-23
37394,68073,HB1303,3,3,BON/CTD,7/2/13 22:35,3,3,39.345,-74.165,3200,18.71,OBL,OT,414,22,27,28,17-Sep-0014,17-Sep-0014,PLANKTON,PLANKTON,16415811,31.54000092,18.70000076,29,183.9408333,101.769,6B3I,2.16,Formalin,Not Sorted-- 1/4 aliquot available?,6B3Z,115.276,NaN,Formalin,NaN,Poland,0,-20
37395,68074,HB1303,4,4,CTD/IKMT,7/2/13 23:10,4,4,39.3283,-74.1583,3200,20.17,OBL,OT,1614,14,0,25,17-Sep-0014,17-Sep-0014,PLANKTON,PLANKTON,16415812,31.66699982,20.48999977,25,183.9654167,NaN,SI9,NaN,Formalin,,,NaN,NaN,,0,Poland,0,-21
37396,68075,HB1303,8,8,BON/CTD,7/3/13 15:39,8,8,39.3567,-74.1783,3200,18.66,OBL,OT,391,15,0,21,17-Sep-0014,17-Sep-0014,PLANKTON,PLANKTON,16415820,31.59700012,18.65999985,21,184.6520833,113.685,6B3I,1.32,Formalin,Not Sorted-- 1/4 aliquot available?,6B3Z,123.169,NaN,Formalin,NaN,Poland,0,-19
37397,68076,HB1303,14,14,CTD/IKMT,7/4/13 3:45,14,14,38.6,-74.23,1690,23.09,OBL,OT,473,19,0,45,17-Sep-0014,17-Sep-0014,PLANKTON,PLANKTON,16415828,31.75600052,23.17000008,45,185.15625,NaN,SI9,NaN,Formalin,,,NaN,NaN,,0,Poland,0,-45
37398,68077,HB1303,17,17,BON/CTD,7/4/13 9:02,17,17,38.695,-74.5867,1690,21.33,OBL,OT,529,29,39,33,17-Sep-0014,17-Sep-0014,PLANKTON,PLANKTON,16415832,31.12599945,21.34000015,33,185.37625,130.742,6B3I,2.22,Formalin,Not Sorted-- 1/4 aliquot available?,6B3Z,140.882,NaN,Formalin,NaN,Poland,0,-28
37399,68078,HB1303,18,18,BON/CTD,7/4/13 15:51,18,18,38.219,-73.7582,1710,23.63,OBL,OT,1169,113,200,119,17-Sep-0014,17-Sep-0014,PLANKTON,PLANKTON,16415834,31.96999931,23.54999924,119,185.6604167,359.009,6B3I,3.15,Formalin,Not Sorted-- 1/4 aliquot available?,6B3Z,388.046,NaN,Formalin,NaN,Poland,0,-139
37400,68079,HB1303,20,20,CTD/IKMT,7/5/13 2:56,20,20,38.3633,-73.5717,1710,23.97,OBL,OT,2934,222,0,295,17-Sep-0014,17-Sep-0014,PLANKTON,PLANKTON,16415838,31.25399971,23.96999931,295,186.1220833,NaN,SI9,NaN,Formalin,,,NaN,NaN,,0,Poland,0,-182
37401,68080,HB1303,24,24,BON/CTD,7/5/13 8:51,24,24,38.22,-73.3017,NaN,24.12,OBL,OT,1488,199,0,1852,17-Sep-0014,17-Sep-0014,PLANKTON,PLANKTON,16415844,32.00699997,24.12000084,852,186.36875,401.528,6B3I,4.96,Formalin,Not Sorted-- 1/4 aliquot available?,6B3Z,431.274,NaN,Formalin,NaN,Poland,0,-1701
37402,68081,HB1303,25,25,BON/CTD,7/5/13 15:46,25,25,38.635,-72.9633,NaN,24.62,OBL,OT,1726,200,0,1485,17-Sep-0014,17-Sep-0014,PLANKTON,PLANKTON,16415846,31.22999954,24.62000084,485,186.6570833,392.714,6B3I,5.09,Formalin,Not Sorted-- 1/4 aliquot available?,6B3Z,423.289,NaN,Formalin,NaN,Poland,0,-1293
37403,68082,HB1303,26,26,BON/CTD,7/5/13 21:37,26,26,39.0017,-72.7567,NaN,24.5,OBL,OT,1524,201,270,503,17-Sep-0014,17-Sep-0014,PLANKTON,PLANKTON,16415847,30.63699913,24.48999977,503,186.9008334,373.291,6B3I,5.38,Formalin,Not Sorted-- 1/4 aliquot available?,6B3Z,406.127,NaN,Formalin,NaN,Poland,0,-248
37404,68083,HB1303,28,28,BON/CTD,7/6/13 10:54,28,28,36.5917,-72.0433,NaN,28.39,OBL,OT,1771,200,0,3784,17-Sep-0014,17-Sep-0014,PLANKTON,PLANKTON,16415849,36.02899933,28.38999939,784,187.4541667,446.496,6B3I,4.48,Formalin,Not Sorted-- 1/4 aliquot available?,6B3Z,480.468,NaN,Formalin,NaN,Poland,0,-3762
37405,68084,HB1303,29,29,BON/CTD,7/6/13 15:51,29,29,37.2867,-71.9083,NaN,28.35,OBL,OT,2191,199,437,3501,17-Sep-0014,17-Sep-0014,PLANKTON,PLANKTON,16415850,36.02600098,28.34000015,501,187.6604167,768.29,6B3I,2.59,Formalin,Not Sorted-- 1/4 aliquot available?,6B3Z,831.068,NaN,Formalin,NaN,Poland,0,-3327
37406,68085,HB1303,32,32,CTD/IKMT,7/7/13 5:42,32,32,37.8883,-71.7917,NaN,25.61,OBL,OT,2722,199,0,3150,17-Sep-0014,17-Sep-0014,PLANKTON,PLANKTON,16415852,33.04800034,25.60000038,3150,188.2375,NaN,SI9,NaN,Formalin,,,NaN,NaN,,0,Poland,0,-3044
37407,68086,HB1303,34,34,BON/CTD,7/7/13 8:55,34,34,37.8283,-71.835,NaN,25.57,OBL,OT,1774,200,0,3150,17-Sep-0014,17-Sep-0014,PLANKTON,PLANKTON,16415853,33.10800171,25.56999969,3150,188.3716667,457.595,6B3I,4.37,Formalin,Not Sorted-- 1/4 aliquot available?,6B3Z,478.908,NaN,Formalin,NaN,Poland,0,-3046
37408,68087,HB1303,35,35,BON/CTD,7/7/13 15:46,35,35,38.7617,-71.7283,NaN,24.62,OBL,OT,1532,200,258,3817,17-Sep-0014,17-Sep-0014,PLANKTON,PLANKTON,16415855,32.05400085,24.62999916,2817,188.6570833,357.458,6B3I,5.6,Formalin,Not Sorted-- 1/4 aliquot available?,6B3Z,379.602,NaN,Formalin,NaN,Poland,0,-2661
37409,68088,HB1303,37,37,BON/CTD,7/8/13 5:38,37,37,39.165,-72.92,1740,24.39,OBL,STD,781,82,0,87,17-Sep-0014,17-Sep-0014,PLANKTON,PLANKTON,16415857,30.93199921,24.40999985,87,189.2345833,236.592,6B3I,3.47,Formalin,Not Sorted-- 1/4 aliquot available?,6B3Z,252.762,NaN,Formalin,NaN,Poland,0,-79
37410,68089,HB1303,38,38,BON/CTD,7/8/13 6:51,38,38,39.005,-72.9167,1740,24.53,OBL,STD,807,93,0,95,17-Sep-0014,17-Sep-0014,PLANKTON,PLANKTON,16415858,30.93000031,24.53000069,95,189.2854167,228.92,6B3I,4.06,Formalin,Not Sorted-- 1/4 aliquot available?,6B3Z,250.101,NaN,Formalin,NaN,Poland,0,-84
37411,68090,HB1303,41,41,BON/CTD,7/8/13 15:44,41,41,39.125,-72.245,NaN,24.85,OBL,OT,1657,202,0,1214,17-Sep-0014,17-Sep-0014,PLANKTON,PLANKTON,16415861,32.38999939,24.78000069,1214,189.6554167,438.009,6B3I,4.61,Formalin,Not Sorted-- 1/4 aliquot available?,6B3Z,473.86,NaN,Formalin,NaN,Poland,0,-1165
37412,68091,HB1303,48,48,BON/CTD,7/9/13 8:48,48,48,39.3117,-72.105,NaN,24.1,OBL,OT,1873,200,0,858,17-Sep-0014,17-Sep-0014,PLANKTON,PLANKTON,16415868,31.66799927,24.10000038,858,190.3666667,506.317,6B3I,3.95,Formalin,Not Sorted-- 1/4 aliquot available?,6B3Z,546.642,NaN,Formalin,NaN,Poland,0,-598
37413,68092,HB1303,49,49,BON/CTD,7/9/13 15:44,49,49,39.6033,-71.8867,NaN,24.06,OBL,OT,1527,201,271,1466,17-Sep-0014,17-Sep-0014,PLANKTON,PLANKTON,16415869,32.61199951,24.06999969,466,190.6554167,387.083,6B3I,5.19,Formalin,Not Sorted-- 1/4 aliquot available?,6B3Z,417.599,NaN,Formalin,NaN,Poland,0,-459
37414,68093,HB1303,56,56,CTD/IKMT,7/10/13 4:36,56,56,39.9083,-71.29,NaN,23.14,OBL,OT,2218,420,0,493,17-Sep-0014,17-Sep-0014,PLANKTON,PLANKTON,16415876,32.90499878,23.20000076,493,191.1916667,NaN,SI9,NaN,Formalin,,,NaN,NaN,,0,Poland,0,-407
37415,68094,HB1303,58,58,BON/CTD,7/10/13 8:46,58,58,39.84,-71.35,NaN,23.09,OBL,OT,1765,203,0,724,17-Sep-0014,17-Sep-0014,PLANKTON,PLANKTON,16415878,32.87400055,23.09000015,724,191.3654167,417.769,6B3I,4.86,Formalin,Not Sorted-- 1/4 aliquot available?,6B3Z,449.08,NaN,Formalin,NaN,Poland,0,-609
37416,68095,HB1303,59,59,BON/CTD,7/10/13 15:43,59,59,39.89,-70.9033,NaN,23.47,OBL,OT,1613,200,0,622,17-Sep-0014,17-Sep-0014,PLANKTON,PLANKTON,16415879,33.31900024,23.48999977,622,191.655,441.028,6B3I,4.53,Formalin,Not Sorted-- 1/4 aliquot available?,6B3Z,474.686,NaN,Formalin,NaN,Poland,0,-703
37417,68096,HB1303,60,60,CTD/IKMT,7/11/13 1:26,60,60,39.9983,-70.1917,NaN,23.23,OBL,OT,3592,73,0,520,17-Sep-0014,17-Sep-0014,PLANKTON,PLANKTON,16415880,33.17100143,23.15999985,521,192.0595833,NaN,SI9,NaN,Formalin,,,NaN,NaN,,0,Poland,0,-430
37418,68097,HB1303,61,61,CTD/IKMT,7/11/13 2:58,61,61,40.0017,-70.1867,NaN,21.54,OBL,OT,333,35,0,511,17-Sep-0014,17-Sep-0014,PLANKTON,PLANKTON,16415881,33.2519989,23.01000023,511,192.12375,NaN,SI9,NaN,Formalin,,,NaN,NaN,,0,Poland,0,-243
37419,68098,HB1303,63,63,BON/CTD,7/11/13 8:43,63,63,39.7317,-70.7017,NaN,23.56,OBL,OT,150,182,0,2072,17-Sep-0014,17-Sep-0014,PLANKTON,PLANKTON,16415883,33.18299866,23.55999947,2072,192.3633333,440.375,6B3I,4.13,Formalin,Not Sorted-- 1/4 aliquot available?,6B3Z,454.403,NaN,Formalin,NaN,Poland,0,-2014
37420,68099,HB1303,71,71,BON/CTD,7/12/13 15:42,71,71,40.2517,-70.325,1100,21.82,OBL,OT,949,96,0,100,17-Sep-0014,17-Sep-0014,PLANKTON,PLANKTON,16415896,32.34400177,21.76000023,101,193.6541666,266.625,6B3I,3.6,Formalin,Not Sorted-- 1/4 aliquot available?,6B3Z,290.392,NaN,Formalin,NaN,Poland,0,-322
37421,68100,HB1303,79,79,BON/CTD,7/13/13 15:39,79,79,39.1667,-71.5567,NaN,24.96,OBL,OT,1495,199,0,5725,17-Sep-0014,17-Sep-0014,PLANKTON,PLANKTON,16415903,32.36500168,24.95000076,2725,194.6520833,389.287,6B3I,5.11,Formalin,Not Sorted-- 1/4 aliquot available?,6B3Z,422.647,NaN,Formalin,NaN,Poland,0,-2478
37422,68101,HB1303,83,83,BON/CTD,7/14/13 8:46,83,83,38.6767,-70.5617,NaN,25.54,OBL,OT,1726,201,0,3020,17-Sep-0014,17-Sep-0014,PLANKTON,PLANKTON,16415912,33.61600113,25.54000092,3020,195.3654167,459.717,6B3I,4.37,Formalin,Not Sorted-- 1/4 aliquot available?,6B3Z,499.008,NaN,Formalin,NaN,Poland,0,-2977
37423,68102,HB1303,84,84,BON/CTD,7/14/13 15:44,84,84,38.2017,-69.6617,NaN,26.8,OBL,OT,1864,201,0,3233,17-Sep-0014,17-Sep-0014,PLANKTON,PLANKTON,16415915,34.80500031,26.61000061,3233,195.6554167,524.272,6B3I,3.83,Formalin,Not Sorted-- 1/4 aliquot available?,6B3Z,571.606,NaN,Formalin,NaN,Poland,5,-3796
37424,68103,HB1303,87,87,BON/CTD,7/15/13 8:44,87,87,37.7733,-68.8383,NaN,26.31,OBL,OT,1600,203,0,4336,17-Sep-0014,17-Sep-0014,PLANKTON,PLANKTON,16415922,35.04399872,26.30999947,4336,196.36375,387.818,6B3I,5.23,Formalin,Not Sorted-- 1/4 aliquot available?,6B3Z,429.806,NaN,Formalin,NaN,Poland,1,-4194
37425,68104,HB1303,88,88,BON/CTD,7/15/13 15:38,88,88,37.535,-68.29,NaN,26.19,OBL,OT,1947,200,328,4766,17-Sep-0014,17-Sep-0014,PLANKTON,PLANKTON,16415925,34.3030014,26.19000053,4766,196.65125,549.082,6B3I,3.64,Formalin,Not Sorted-- 1/4 aliquot available?,6B3Z,596.57,NaN,Formalin,NaN,Poland,2,-4656
37426,68105,HB1303,90,90,CTD/IKMT,7/16/13 0:45,90,90,37.375,-68.26,NaN,26.73,OBL,OT,180,101,0,4835,17-Sep-0014,17-Sep-0014,PLANKTON,PLANKTON,16415927,34.23799896,26.65999985,4835,197.03125,NaN,SI9,NaN,Formalin,,,NaN,NaN,,0,Poland,0,-4725
37427,68106,HB1303,91,91,BON/CTD,7/16/13 8:45,91,91,37.66,-68.255,NaN,25.98,OBL,OT,1530,203,265,4720,17-Sep-0014,17-Sep-0014,PLANKTON,PLANKTON,16415930,34.38700104,25.96999931,4720,197.3645833,347.991,6B3I,5.83,Formalin,Not Sorted-- 1/4 aliquot available?,6B3Z,399.335,NaN,Formalin,NaN,Poland,0,-4638
37428,68107,HB1303,92,92,BON/CTD,7/16/13 15:39,92,92,38.5217,-68.045,NaN,26.34,OBL,OT,1959,201,0,4209,17-Sep-0014,17-Sep-0014,PLANKTON,PLANKTON,16415933,34.63000107,26.31999969,4209,197.6520833,577.483,6B3I,3.48,Formalin,Not Sorted-- 1/4 aliquot available?,6B3Z,603.362,NaN,Formalin,NaN,Poland,0,-4154
37429,68108,HB1303,95,95,BON/CTD,7/17/13 8:49,95,95,39.1067,-67.875,NaN,26.42,OBL,OT,1613,201,0,3548,17-Sep-0014,17-Sep-0014,PLANKTON,PLANKTON,16415939,34.67499924,26.42000008,3548,198.3675,379.657,6B3I,5.29,Formalin,Not Sorted-- 1/4 aliquot available?,6B3Z,427.052,NaN,Formalin,NaN,Poland,12,-3482
37430,68109,HB1303,96,96,BON/CTD,7/17/13 16:06,96,96,39.855,-67.7117,NaN,25.66,OBL,OT,1634,202,0,2887,17-Sep-0014,17-Sep-0014,PLANKTON,PLANKTON,16415940,34.59199905,25.63999939,2887,198.6708333,422.992,6B3I,4.78,Formalin,Not Sorted-- 1/4 aliquot available?,6B3Z,458.808,NaN,Formalin,NaN,Poland,0,-2685
37431,68110,HB1303,103,103,BON/CTD,7/18/13 9:47,103,103,40.1533,-67.1817,NaN,26.31,OBL,OT,1754,200,0,2486,17-Sep-0014,17-Sep-0014,PLANKTON,PLANKTON,16415947,36.19200134,26.30999947,2487,199.4075,460.044,6B3I,4.35,Formalin,Not Sorted-- 1/4 aliquot available?,6B3Z,503.597,NaN,Formalin,NaN,Poland,2,-2315
37432,68111,HB1303,104,104,BON/CTD,7/18/13 22:21,104,104,40.35,-67.5183,NaN,25.94,OBL,OT,1492,202,0,568,17-Sep-0014,17-Sep-0014,PLANKTON,PLANKTON,16415948,34.93000031,25.94000053,568,199.93125,347.42,6B3I,5.81,Formalin,Not Sorted-- 1/4 aliquot available?,6B3Z,381.254,NaN,Formalin,NaN,Poland,0,-480
37433,68112,HB1303,111,111,BON/CTD,7/19/13 10:00,111,111,39.9583,-68.295,NaN,25.85,OBL,OT,1435,201,0,2266,17-Sep-0014,17-Sep-0014,PLANKTON,PLANKTON,16415954,34.61100006,25.85000038,2266,200.4166667,392.633,6B3I,5.12,Formalin,Not Sorted-- 1/4 aliquot available?,6B3Z,418.058,NaN,Formalin,NaN,Poland,0,-2315
37434,68113,HB1303,112,112,BON/CTD,7/19/13 15:48,112,112,40.1967,-68.8733,1110,23.98,OBL,OT,1116,121,197,130,17-Sep-0014,17-Sep-0014,PLANKTON,PLANKTON,16415955,33.25699997,23.97999954,130,200.6583334,315.347,6B3I,3.84,Formalin,Not Sorted-- 1/4 aliquot available?,6B3Z,336.007,NaN,Formalin,NaN,Poland,0,-130
37435,68114,HB1303,113,113,BON/CTD,7/19/13 22:03,113,113,39.9167,-69.38,NaN,23.58,OBL,OT,1520,200,0,452,17-Sep-0014,17-Sep-0014,PLANKTON,PLANKTON,16415956,32.82600021,23.56999969,452,200.91875,401.447,6B3I,4.98,Formalin,Not Sorted-- 1/4 aliquot available?,6B3Z,434.487,NaN,Formalin,NaN,Poland,0,-428
37436,68115,HB1303,121,121,CTD/IKMT,7/20/13 7:35,121,121,39.9833,-69.1733,NaN,20.83,OBL,OT,2143,20,0,619,17-Sep-0014,17-Sep-0014,PLANKTON,PLANKTON,16415964,32.5719986,20.81999969,619,201.3158333,NaN,SI9,NaN,Formalin,,,NaN,NaN,,0,Poland,0,-263
37437,68116,HB1303,127,127,BON/CTD,7/21/13 9:09,127,127,39.9133,-69.865,1120,22.62,OBL,OT,1729,201,0,451,17-Sep-0014,17-Sep-0014,PLANKTON,PLANKTON,16415970,32.75999832,22.62000084,451,202.38125,473.183,6B3I,4.25,Formalin,Not Sorted-- 1/4 aliquot available?,6B3Z,512.959,NaN,Formalin,NaN,Poland,0,-406
37438,68117,HB1303,128,128,BON/CTD,7/21/13 15:55,128,128,40.0433,-69.3083,1100,21.36,OBL,OT,902,105,0,110,17-Sep-0014,17-Sep-0014,PLANKTON,PLANKTON,16415971,32.5719986,21.35000038,110,202.6633334,232.021,6B3I,4.53,Formalin,Not Sorted-- 1/4 aliquot available?,6B3Z,252.303,NaN,Formalin,NaN,Poland,0,-96
37439,68118,HB1303,136,136,CTD/IKMT,7/22/13 6:35,136,136,40.1617,-68.3617,NaN,25.1,OBL,OT,3505,57,0,415,17-Sep-0014,17-Sep-0014,PLANKTON,PLANKTON,16415979,34.07699966,25.10000038,415,203.2741667,NaN,SI9,NaN,Formalin,,,NaN,NaN,,0,Poland,0,-388
37440,68119,HB1303,137,137,BON/CTD,7/22/13 9:18,137,137,40.045,-68.4733,NaN,25.4,OBL,OT,1476,201,0,1832,17-Sep-0014,17-Sep-0014,PLANKTON,PLANKTON,16415980,34.09799957,25.38999939,1832,203.3875,345.706,6B3I,5.81,Formalin,Not Sorted-- 1/4 aliquot available?,6B3Z,379.327,NaN,Formalin,NaN,Poland,0,-1184
37441,68120,HB1303,138,138,BON/CTD,7/30/13 16:35,138,138,41.0717,-71.2767,1050,20.01,OBL,OT,560,38,60,43,17-Sep-0014,17-Sep-0014,PLANKTON,PLANKTON,16415981,31.6609993,20.04999924,43,211.6908333,163.794,6B3I,2.32,Formalin,Not Sorted-- 1/4 aliquot available?,6B3Z,177.778,NaN,Formalin,NaN,Poland,0,-45
37442,68121,HB1303,144,144,BON/CTD,7/31/13 8:53,144,144,40.9783,-70.9267,1050,20.39,OBL,OT,658,48,90,53,17-Sep-0014,17-Sep-0014,PLANKTON,PLANKTON,16415986,31.92300034,20.38999939,53,212.37,192.521,6B3I,2.49,Formalin,Not Sorted-- 1/4 aliquot available?,6B3Z,207.331,NaN,Formalin,NaN,Poland,0,-48
37443,68122,HB1303,145,145,BON/CTD,7/31/13 15:48,145,145,40.8433,-70.3883,1090,18.98,OBL,OT,660,45,89,51,17-Sep-0014,17-Sep-0014,PLANKTON,PLANKTON,16415987,32.35400009,19.38999939,51,212.6583334,256.505,6B3I,1.75,Formalin,Not Sorted-- 1/4 aliquot available?,6B3Z,274.055,NaN,Formalin,NaN,Poland,0,-53
37444,68123,HB1303,151,151,BON/CTD,8/1/13 9:00,151,151,40.6233,-69.6733,1100,19.11,OBL,OT,509,56,72,59,17-Sep-0014,17-Sep-0014,PLANKTON,PLANKTON,16415993,32.45899963,19.20999908,59,213.375,116.378,6B3I,4.81,Formalin,Not Sorted-- 1/4 aliquot available?,6B3Z,126.014,NaN,Formalin,NaN,Poland,0,-57
37445,68124,HB1303,154,154,BON/CTD,8/2/13 9:00,154,154,40.2883,-69.0817,1100,23.65,OBL,OT,880,94,143,98,17-Sep-0014,17-Sep-0014,PLANKTON,PLANKTON,16415996,34.09899902,23.64999962,98,214.375,242.468,6B3I,3.88,Formalin,Not Sorted-- 1/4 aliquot available?,6B3Z,268.732,NaN,Formalin,NaN,Poland,0,-95
37446,68125,HB1303,155,155,BON/CTD,8/2/13 15:47,155,155,40.2217,-68.1817,NaN,25.08,OBL,OT,2520,201,444,563,17-Sep-0014,17-Sep-0014,PLANKTON,PLANKTON,16415997,34.43799973,25.09000015,563,214.6575,903.112,6B3I,2.23,Formalin,Not Sorted-- 1/4 aliquot available?,6B3Z,996.547,NaN,Formalin,NaN,Poland,0,-561
37447,68126,HB1303,162,163,BON/CTD,8/3/13 9:01,162,162,40.565,-67.945,1130,22.87,OBL,OT,821,93,141,98,17-Sep-0014,17-Sep-0014,PLANKTON,PLANKTON,16416004,33.64099884,22.87999916,98,215.3758334,245.242,6B3I,3.79,Formalin,Not Sorted-- 1/4 aliquot available?,6B3Z,271.485,NaN,Formalin,NaN,Poland,0,-96
37448,68127,HB1303,163,164,BON/CTD,8/3/13 16:10,163,163,40.3667,-67.1417,NaN,25.29,OBL,OT,2196,202,399,2018,17-Sep-0014,17-Sep-0014,PLANKTON,PLANKTON,16416005,34.69300079,25.29000092,2019,215.67375,832.11,6B3I,2.43,Formalin,Not Sorted-- 1/4 aliquot available?,6B3Z,914.221,NaN,Formalin,NaN,Poland,0,-1471
37449,68128,HB1303,167,167,BON/CTD,8/4/13 8:59,167,167,40.1717,-67.2167,NaN,25.47,OBL,OT,1642,204,285,2529,17-Sep-0014,17-Sep-0014,PLANKTON,PLANKTON,16416008,34.93999863,25.48999977,2529,216.3741666,406.752,6B3I,5.02,Formalin,Not Sorted-- 1/4 aliquot available?,6B3Z,445.684,NaN,Formalin,NaN,Poland,0,-2223
37450,68129,HB1303,168,168,BON/CTD,8/4/13 15:46,168,168,40.7283,-66.4917,NaN,20.92,OBL,OT,2069,201,377,2047,17-Sep-0014,17-Sep-0014,PLANKTON,PLANKTON,16416009,32.24000168,21.13999939,2047,216.6570833,728.301,6B3I,2.76,Formalin,Not Sorted-- 1/4 aliquot available?,6B3Z,788.757,NaN,Formalin,NaN,Poland,0,-1936
37451,68130,HB1303,170,170,BON/CTD,8/5/13 8:57,170,170,39.8467,-67.12,NaN,25.16,OBL,OT,1671,201,300,3328,17-Sep-0014,17-Sep-0014,PLANKTON,PLANKTON,16416011,34.47600174,25.14999962,3328,217.3729167,423.155,6B3I,4.75,Formalin,Not Sorted-- 1/4 aliquot available?,6B3Z,456.422,NaN,Formalin,NaN,Poland,0,-3096
37452,68131,HB1303,171,171,BON/CTD,8/5/13 15:45,171,171,39.4733,-65.96,NaN,27.11,OBL,OT,2842,201,520,4411,17-Sep-0014,17-Sep-0014,PLANKTON,PLANKTON,16416012,35.67900085,27.11000061,4411,217.65625,990.682,6B3I,2.03,Formalin,Not Sorted-- 1/4 aliquot available?,6B3Z,1067.493,NaN,Formalin,NaN,Poland,0,-4354
37453,68132,HB1303,176,176,BON/CTD,8/6/13 6:08,176,176,39.4,-65.4733,NaN,26.22,OBL,OT,843,66,149,3135,17-Sep-0014,17-Sep-0014,PLANKTON,PLANKTON,16416017,34.85200119,26.21999931,3135,218.2554167,243.529,6B3I,2.71,Formalin,Not Sorted-- 1/4 aliquot available?,6B3Z,267.08,NaN,Formalin,NaN,Poland,0,-3907
37454,68133,HB1303,179,179,BON/CTD,8/6/13 9:06,179,179,39.47,-65.1917,NaN,25.77,OBL,OT,1875,200,327,4805,17-Sep-0014,17-Sep-0014,PLANKTON,PLANKTON,16416019,35.39599991,25.77000046,4805,218.3791667,474.815,6B3I,4.21,Formalin,Not Sorted-- 1/4 aliquot available?,6B3Z,514.794,NaN,Formalin,NaN,Poland,0,-4471
37455,68134,HB1303,180,180,BON/CTD,8/6/13 15:49,180,180,40.225,-65.1,NaN,23.96,OBL,OT,2229,201,407,4431,17-Sep-0014,17-Sep-0014,PLANKTON,PLANKTON,16416020,33.56900024,23.95000076,4431,218.6591666,708.469,6B3I,2.84,Formalin,Not Sorted-- 1/4 aliquot available?,6B3Z,766.363,NaN,Formalin,NaN,Poland,0,-3956
37456,68135,HB1303,185,185,BON/CTD,8/7/13 6:17,185,185,41.045,-64.9467,NaN,23.65,OBL,OT,437,51,117,3665,17-Sep-0014,17-Sep-0014,PLANKTON,PLANKTON,16416025,33.97200012,23.64999962,3665,219.2616667,168.854,6B3I,3.02,Formalin,Not Sorted-- 1/4 aliquot available?,6B3Z,186.038,NaN,Formalin,NaN,Poland,0,-3526
37457,68136,HB1303,186,186,BON/CTD,8/7/13 8:45,186,186,40.8467,-65.0317,NaN,24.34,OBL,OT,1725,201,309,3870,17-Sep-0014,17-Sep-0014,PLANKTON,PLANKTON,16416026,34.77199936,24.35000038,3870,219.3645833,452.944,6B3I,4.44,Formalin,Not Sorted-- 1/4 aliquot available?,6B3Z,486.709,NaN,Formalin,NaN,Poland,0,-3731
37458,68137,HB1303,187,187,BON/CTD,8/7/13 15:45,187,187,41.73,-64.9433,NaN,19.71,OBL,OT,1693,200,307,2571,17-Sep-0014,17-Sep-0014,PLANKTON,PLANKTON,16416027,31.74099922,19.62999916,2571,219.65625,451.719,6B3I,4.43,Formalin,Not Sorted-- 1/4 aliquot available?,6B3Z,488.729,NaN,Formalin,NaN,Poland,0,-2488
37459,68138,HB1303,195,195,CTD/IKMT,8/8/13 7:09,195,195,42.1083,-65.5283,NaN,18.51,OBL,OT,2721,298,325,554,17-Sep-0014,17-Sep-0014,PLANKTON,PLANKTON,16416035,31.25600052,18.44000053,554,220.2979167,NaN,SI9,NaN,Formalin,,,NaN,NaN,,0,Poland,0,-209
37460,68139,HB1303,197,197,BON/CTD,8/8/13 9:01,197,197,42.1167,-65.52,NaN,17.91,OBL,OT,1896,200,342,320,17-Sep-0014,17-Sep-0014,PLANKTON,PLANKTON,16416037,31.45899963,17.87000084,320,220.3758334,548.592,6B3I,3.65,Formalin,Not Sorted-- 1/4 aliquot available?,6B3Z,598.681,NaN,Formalin,NaN,Poland,0,-209
37461,68140,HB1303,198,198,BON/CTD,8/8/13 15:48,198,198,41.4,-65.675,NaN,19.82,OBL,OT,1885,201,338,2359,17-Sep-0014,17-Sep-0014,PLANKTON,PLANKTON,16416038,32.3370018,19.28000069,2359,220.6583334,524.843,6B3I,3.83,Formalin,Not Sorted-- 1/4 aliquot available?,6B3Z,579.499,NaN,Formalin,NaN,Poland,0,-2043
37462,68141,HB1303,200,200,BON/CTD,8/9/13 0:11,200,200,41.0033,-66.2783,NaN,21.9,OBL,OT,1565,202,280,1941,17-Sep-0014,17-Sep-0014,PLANKTON,PLANKTON,16416040,32.44599915,21.92000008,1941,221.0075,384.227,6B3I,5.26,Formalin,Not Sorted-- 1/4 aliquot available?,6B3Z,426.869,NaN,Formalin,NaN,Poland,1,-1354
37463,68142,HB1303,203,203,BON/CTD,8/10/13 17:31,203,203,38.7467,-73.5883,1740,24.35,OBL,STD,532,61,86,64,17-Sep-0014,17-Sep-0014,PLANKTON,PLANKTON,16416043,32.11100006,24.37999916,65,222.73,146.003,6B3I,4.18,Formalin,Not Sorted-- 1/4 aliquot available?,6B3Z,156.393,NaN,Formalin,NaN,Poland,0,-58
37464,68143,HB1303,205,205,BON/CTD,8/10/13 23:08,205,205,38.0033,-73.9933,1710,25.09,OBL,STD,1288,127,232,131,17-Sep-0014,17-Sep-0014,PLANKTON,PLANKTON,16416045,31.83600044,25.05999947,131,222.9637499,366.925,6B3I,3.46,Formalin,Not Sorted-- 1/4 aliquot available?,6B3Z,402.272,NaN,Formalin,NaN,Poland,0,-145
37465,68144,HB1303,206,206,BON/CTD,8/11/13 1:38,206,206,37.7567,-74.2567,1700,24.68,OBL,STD,847,103,131,110,17-Sep-0014,17-Sep-0014,PLANKTON,PLANKTON,16416046,32.08599854,24.63999939,110,223.0679167,202.152,6B3I,5.1,Formalin,Not Sorted-- 1/4 aliquot available?,6B3Z,219.905,NaN,Formalin,NaN,Poland,0,-86
37466,68145,HB1303,207,207,BON/CTD,8/11/13 3:35,207,207,37.9133,-74.505,1690,24.76,OBL,STD,600,53,79,57,17-Sep-0014,17-Sep-0014,PLANKTON,PLANKTON,16416047,31.36499977,24.75,57,223.1491667,126.579,6B3I,4.19,Formalin,Not Sorted-- 1/4 aliquot available?,6B3Z,136.385,NaN,Formalin,NaN,Poland,0,-47
37467,68146,HB1303,208,208,BON/CTD,8/11/13 5:04,208,208,38.085,-74.335,1690,24.48,OBL,STD,637,47,82,51,17-Sep-0014,17-Sep-0014,PLANKTON,PLANKTON,16416048,31.23600006,24.47999954,51,223.21125,143.881,6B3I,3.27,Formalin,Not Sorted-- 1/4 aliquot available?,6B3Z,157.127,NaN,Formalin,NaN,Poland,0,-42
37468,68147,HB1303,210,210,BON/CTD,8/11/13 9:00,210,210,38.235,-74.5733,1690,24.11,OBL,OT,552,40,56,43,17-Sep-0014,17-Sep-0014,PLANKTON,PLANKTON,16416050,30.95499992,24.11000061,43,223.375,117.765,6B3I,3.4,Formalin,Not Sorted-- 1/4 aliquot available?,6B3Z,130.695,NaN,Formalin,NaN,Poland,0,-36
37469,68148,HB1303,211,211,BON/CTD,8/11/13 15:38,211,211,38.6867,-74.62,1690,23.29,OBL,OT,505,25,39,31,17-Sep-0014,17-Sep-0014,PLANKTON,PLANKTON,16416051,30.22400093,23.29999924,31,223.65125,127.477,6B3I,1.96,Formalin,Not Sorted-- 1/4 aliquot available?,6B3Z,137.119,NaN,Formalin,NaN,Poland,0,-26
37470,68149,HB1303,212,212,BON/CTD,8/11/13 22:15,212,212,39.375,-74.1767,3200,23.59,OBL,OT,562,15,38,21,17-Sep-0014,17-Sep-0014,PLANKTON,PLANKTON,16416052,31.12800026,23.62000084,21,223.9270833,141.34,6B3I,1.06,Formalin,Not Sorted-- 1/4 aliquot available?,6B3Z,160.593,NaN,Formalin,NaN,Poland,0,-14
37471,68150,HB1303,213,213,BON/CTD,8/11/13 23:11,213,213,39.3317,-74.2483,3190,23.38,OBL,STD,344,15,25,19,17-Sep-0014,17-Sep-0014,PLANKTON,PLANKTON,16416053,31.16200066,23.37999916,19,223.9658334,85.885,6B3I,1.75,Formalin,Not Sorted-- 1/4 aliquot available?,6B3Z,91.087,NaN,Formalin,NaN,Poland,0,-18
37472,68151,HB1303,214,214,BON/CTD,8/12/13 1:31,214,214,39.415,-73.8367,1730,23.57,OBL,STD,530,28,44,31,17-Sep-0014,17-Sep-0014,PLANKTON,PLANKTON,16416054,31.63699913,23.56999969,31,224.0633333,108.289,6B3I,2.59,Formalin,Not Sorted-- 1/4 aliquot available?,6B3Z,116.826,NaN,Formalin,NaN,Poland,0,-30
37473,68152,HB1303,215,215,BON/CTD,8/12/13 3:39,215,215,39.1783,-73.5167,1730,24.04,OBL,STD,568,45,69,50,17-Sep-0014,17-Sep-0014,PLANKTON,PLANKTON,16416055,32.20000076,24.04000092,50,224.1520833,143.009,6B3I,3.15,Formalin,Not Sorted-- 1/4 aliquot available?,6B3Z,150.713,NaN,Formalin,NaN,Poland,0,-42
37474,68153,HB1303,217,217,BON/CTD,8/12/13 8:59,217,217,38.6867,-73.3783,1740,24.63,OBL,OT,603,73,102,77,17-Sep-0014,17-Sep-0014,PLANKTON,PLANKTON,16416057,32.64599991,24.62999916,77,224.3741666,176.298,6B3I,4.14,Formalin,Not Sorted-- 1/4 aliquot available?,6B3Z,183.906,NaN,Formalin,NaN,Poland,0,-72
37475,68154,HB1303,218,218,BON/CTD,8/12/13 15:37,218,218,38.8133,-72.7267,NaN,25.14,OBL,OT,1897,201,344,1651,17-Sep-0014,17-Sep-0014,PLANKTON,PLANKTON,16416058,33.22900009,25.14999962,1651,224.6508333,530.8,6B3I,3.79,Formalin,Not Sorted-- 1/4 aliquot available?,6B3Z,562.552,NaN,Formalin,NaN,Poland,0,-1461
37476,68155,HB1303,219,219,BON/CTD,8/12/13 22:19,219,219,39.155,-72.3367,NaN,23.78,OBL,OT,1726,199,334,965,17-Sep-0014,17-Sep-0014,PLANKTON,PLANKTON,16416059,32.39300156,23.70999908,965,224.93,520.948,6B3I,3.82,Formalin,Not Sorted-- 1/4 aliquot available?,6B3Z,553.712,NaN,Formalin,NaN,Poland,0,-731
37477,68156,HB1303,221,221,BON/CTD,8/13/13 8:44,221,221,37.995,-73.1783,NaN,25.77,OBL,OT,1926,201,344,2459,17-Sep-0014,17-Sep-0014,PLANKTON,PLANKTON,16416061,32.20100021,25.77000046,2459,225.36375,534.772,6B3I,3.76,Formalin,Not Sorted-- 1/4 aliquot available?,6B3Z,568.706,NaN,Formalin,NaN,Poland,0,-2288
37478,68157,HB1303,222,222,BON/CTD,8/13/13 15:44,222,222,37.335,-72.6433,NaN,26.05,OBL,OT,1459,202,261,3074,17-Sep-0014,17-Sep-0014,PLANKTON,PLANKTON,16416062,32.68999863,26.04000092,3074,225.6554167,383.819,6B3I,5.26,Formalin,Not Sorted-- 1/4 aliquot available?,6B3Z,415.913,NaN,Formalin,NaN,Poland,0,-2981
37479,68158,HB1303,226,226,BON/CTD,8/14/13 9:12,226,226,37.1633,-71.925,NaN,28.06,OBL,OT,1705,205,297,3604,17-Sep-0014,17-Sep-0014,PLANKTON,PLANKTON,16416066,35.30400085,28.22999954,3604,226.3833333,446.504,6B3I,4.59,Formalin,Not Sorted-- 1/4 aliquot available?,6B3Z,473.719,NaN,Formalin,NaN,Poland,0,-3445
37480,68159,HB1303,227,227,BON/CTD,8/14/13 15:57,227,227,37.9533,-71.85,NaN,25.95,OBL,OT,2177,203,394,3127,17-Sep-0014,17-Sep-0014,PLANKTON,PLANKTON,16416067,34.04299927,25.95000076,3127,226.6645833,690.731,6B3I,2.94,Formalin,Not Sorted-- 1/4 aliquot available?,6B3Z,720.025,NaN,Formalin,NaN,Poland,0,-2999
37481,68160,HB1303,232,232,BON/CTD,8/15/13 7:28,232,232,39.0317,-72.4033,NaN,22.63,OBL,OT,319,53,78,1432,17-Sep-0014,17-Sep-0014,PLANKTON,PLANKTON,16416072,32.41400146,22.62999916,1433,227.31125,93.432,6B3I,5.67,Formalin,Not Sorted-- 1/4 aliquot available?,6B3Z,102.266,NaN,Formalin,NaN,Poland,0,-1391
37482,68161,HB1303,233,233,BON/CTD,8/15/13 16:03,233,233,39.46,-72.2033,NaN,22.6,OBL,OT,1496,200,270,914,17-Sep-0014,17-Sep-0014,PLANKTON,PLANKTON,16416073,32.50999832,22.57999992,914,227.66875,373.411,6B3I,5.36,Formalin,Not Sorted-- 1/4 aliquot available?,6B3Z,391.386,NaN,Formalin,NaN,Poland,0,-451
37483,68162,HB1303,235,235,BON/CTD,8/15/13 22:54,235,235,39.5983,-71.85,NaN,24.09,OBL,OT,1541,201,308,942,17-Sep-0014,17-Sep-0014,PLANKTON,PLANKTON,16416075,33.68000031,24.09000015,942,227.9541667,395.577,6B3I,5.08,Formalin,Not Sorted-- 1/4 aliquot available?,6B3Z,411.926,NaN,Formalin,NaN,Poland,0,-614
37484,68163,HB1303,238,238,BON/CTD,8/16/13 9:04,238,238,39.475,-70.3017,NaN,23.55,OBL,OT,1844,203,329,2536,17-Sep-0014,17-Sep-0014,PLANKTON,PLANKTON,16416078,33.58399963,23.54999924,2536,228.3779167,450.795,6B3I,4.5,Formalin,Not Sorted-- 1/4 aliquot available?,6B3Z,465.313,NaN,Formalin,NaN,Poland,0,-2428
37485,68164,HB1303,239,239,BON/CTD,8/16/13 15:35,239,239,39.08,-69.69,NaN,26.14,OBL,OT,1471,203,260,2903,17-Sep-0014,17-Sep-0014,PLANKTON,PLANKTON,16416079,34.73199844,26.04000092,2903,228.6491666,359.746,6B3I,5.64,Formalin,Not Sorted-- 1/4 aliquot available?,6B3Z,378.733,NaN,Formalin,NaN,Poland,0,-2821
37486,68165,HB1303,241,241,BON/CTD,8/16/13 22:36,241,241,38.9983,-68.9517,NaN,26.23,OBL,OT,1606,202,287,3220,17-Sep-0014,17-Sep-0014,PLANKTON,PLANKTON,16416081,34.0019989,26.21999931,3220,228.9416667,422.193,6B3I,4.78,Formalin,Not Sorted-- 1/4 aliquot available?,6B3Z,442.259,NaN,Formalin,NaN,Poland,0,-3204
37487,68166,HB1303,242,242,BON/CTD,8/17/13 14:47,242,242,40.5583,-67.0717,1150,21.52,OBL,OT,1787,201,302,999,17-Sep-0014,17-Sep-0014,PLANKTON,PLANKTON,16416082,32.18600082,21.52000046,266,229.6158333,435.461,6B3I,4.62,Formalin,Not Sorted-- 1/4 aliquot available?,6B3Z,456.039,NaN,Formalin,NaN,Poland,0,-260
37488,68167,HB1303,244,244,BON/CTD,8/17/13 22:49,244,244,40.2233,-67.8583,NaN,24.17,OBL,OT,1681,202,334,1830,17-Sep-0014,17-Sep-0014,PLANKTON,PLANKTON,16416084,34.39300156,24.15999985,1830,229.9508333,498.146,6B3I,4.06,Formalin,Not Sorted-- 1/4 aliquot available?,6B3Z,529.706,NaN,Formalin,NaN,Poland,0,-1171
37489,68168,HB1303,246,246,BON/CTD,8/18/13 9:07,246,246,40.615,-69.6833,1100,17.56,OBL,OT,668,57,103,60,17-Sep-0014,17-Sep-0014,PLANKTON,PLANKTON,16416086,32.4090004,17.57999992,60,230.38,179.317,6B3I,3.18,Formalin,Not Sorted-- 1/4 aliquot available?,6B3Z,189.453,NaN,Formalin,NaN,Poland,0,-57
37490,68169,HB1303,247,247,BON/CTD,8/18/13 15:42,247,247,41.0817,-70.59,1090,19.18,OBL,OT,449,38,52,43,17-Sep-0014,17-Sep-0014,PLANKTON,PLANKTON,16416087,31.84700012,19.22999954,43,230.6541666,95.101,6B3I,4,Formalin,Not Sorted-- 1/4 aliquot available?,6B3Z,101.746,NaN,Formalin,NaN,Poland,0,-36
37491,68170,HB1303,248,248,BON/CTD,8/18/13 21:29,248,248,41.3017,-71.3117,1050,20.96,OBL,OT,631,28,54,34,17-Sep-0014,17-Sep-0014,PLANKTON,PLANKTON,16416088,31.63400078,20.95999908,34,230.895,169.942,6B3I,1.65,Formalin,Not Sorted-- 1/4 aliquot available?,6B3Z,178.62,NaN,Formalin,NaN,Poland,0,-32
NaN,NaN,HB1303,9901,9901,MOCNESS,7/6/13 22:11,NaN,NaN,37.93371599,-71.76554088,NaN,NaN,,,NaN,25.8,NaN,NaN,NaT,NaT,,,-99,NaN,24.733,-99,187.924884,383.2,Net-8,0,Formalin,,,NaN,NaN,,0,Poland,0,-3029
NaN,NaN,HB1303,9902,9902,MOCNESS,7/9/13 0:56,NaN,NaN,37.7295874,-73.82841847,NaN,NaN,,,NaN,51.2,NaN,NaN,NaT,NaT,,,-99,31.669,23.747,-99,190.039039,308.6,Net-8,0,Formalin,,,NaN,NaN,,0,Poland,0,-1515
NaN,NaN,HB1303,9903,9903,MOCNESS,7/11/13 22:39,NaN,NaN,39.98003951,-70.20685166,NaN,NaN,,,NaN,52.6,NaN,NaN,NaT,NaT,,,-99,33.25,23.196,-99,192.944352,582.4,Net-8,0,Formalin,,,NaN,NaN,,0,Poland,0,-376
NaN,NaN,HB1303,9904,9904,MOCNESS,7/14/13 0:30,NaN,NaN,38.86638727,-70.53074328,NaN,NaN,,,NaN,92.1,NaN,NaN,NaT,NaT,,,-99,34.086,25.225,-99,195.021111,490.4,Net-8,0,Formalin,,,NaN,NaN,,0,Poland,6,-2920
NaN,NaN,HB1303,9905,9905,MOCNESS,7/15/13 0:47,NaN,NaN,37.7797514,-69.02025218,NaN,NaN,,,NaN,51.5,NaN,NaN,NaT,NaT,,,-99,34.048,26.834,-99,196.033264,253.3,Net-8,0,Formalin,,,NaN,NaN,,0,Poland,0,-4114
NaN,NaN,HB1303,9906,9906,MOCNESS,7/19/13 0:24,NaN,NaN,40.42004534,-67.66870358,NaN,NaN,,,NaN,49.8,NaN,NaN,NaT,NaT,,,-99,34.242,25.538,-99,200.017338,326,Net-8,0,Formalin,,,NaN,NaN,,0,Poland,0,-146
NaN,NaN,HB1303,9907,9907,MOCNESS,8/3/13 20:13,NaN,NaN,40.44867318,-67.07801909,NaN,NaN,,,NaN,51.1,NaN,NaN,NaT,NaT,,,-99,34.769,25.173,-99,215.842859,262,Net-8,0,Formalin,,,NaN,NaN,,0,Poland,0,-1190
NaN,NaN,HB1303,9908,9908,MOCNESS,8/4/13 0:41,NaN,NaN,40.18335814,-67.20347248,NaN,NaN,,,NaN,34.9,NaN,NaN,NaT,NaT,,,-99,34.905,25.467,-99,216.028877,153.8,Net-8,0,Formalin,,,NaN,NaN,,0,Poland,1,-2223
NaN,NaN,HB1303,9909,9909,MOCNESS,8/17/13 20:55,NaN,NaN,40.24236122,-68.1029847,NaN,NaN,,,NaN,40.8,NaN,NaN,NaT,NaT,,,-99,33.371,21.795,-99,229.871771,148,Net-8,0,Formalin,,,NaN,NaN,,0,Poland,0,-345