STATION_PK_SEQ,EVENT_PK_SEQ,CRUISE_NAME,STATION,EVENT_NUMBER,OPERATION,EVENT_DATE,CTD_CAST_NUMBER,SITE_ID,LATITUDE,LONGITUDE,SURVEY_PERIOD,REGION,PLANKTON_STRATUM,GROUNDFISH_STRATUM,SURFACE_TEMPERATURE,SURFACE_TEMPERATURE_INSTRUMENT,TOW_PROFILE,TOW_PROTOCOL,TOW_TIME_DURATION,TOW_MAXIMUM_DEPTH,MAXIMUM_WIRE_OUT,BOTTOM_DEPTH_MAX_WIRE_OUT,EVENT_COMMENT,CNV_STRNUM,CNV_REG,CNV_SUBREG,CNV_OTHNUM,DOE,DOC,UOE,UOC,SAMPLING_PROGRAM
38620,70149,GU1608,0001,1,BON/CTD,21-MAY-16 09.25.20.000000000 PM,1,1,41.3217,-71.2533,,SNE,20,1050,12.21,C,OBL,STD,417,32,,36,,,,,,22-JUL-16,22-JUL-16,PLANKTON,PLANKTON,
38621,70150,GU1608,0002,2,BON/CTD,22-MAY-16 12.24.45.000000000 AM,2,2,40.9183,-71.3367,,SNE,19,1060,12.23,C,OBL,STD,398,51,,56,,,,,,22-JUL-16,22-JUL-16,PLANKTON,PLANKTON,
38622,70151,GU1608,0003,3,BON/CTD,22-MAY-16 02.36.35.000000000 AM,3,3,40.6717,-71.6017,,SNE,19,1060,11.72,C,OBL,STD,459,66,,71,,,,,,22-JUL-16,22-JUL-16,PLANKTON,PLANKTON,
38623,70152,GU1608,0004,4,BON/CTD,22-MAY-16 04.37.18.000000000 AM,4,4,40.9167,-71.7617,,SNE,20,1050,11.57,C,OBL,STD,301,45,,49,,,,,,22-JUL-16,22-JUL-16,PLANKTON,PLANKTON,
38624,70153,GU1608,0005,5,BON/CTD,22-MAY-16 06.26.41.000000000 AM,5,5,40.915,-72.095,,SNE,21,3050,10.98,C,OBL,STD,271,21,,27,,,,,,22-JUL-16,22-JUL-16,PLANKTON,PLANKTON,
38625,70154,GU1608,0006,6,BON/CTD,22-MAY-16 08.36.18.000000000 AM,6,6,40.6617,-72.3433,,SNE,20,1050,11.68,C,OBL,STD,305,37,,43,,,,,,22-JUL-16,22-JUL-16,PLANKTON,PLANKTON,
38626,70155,GU1608,0007,7,BON/CTD,22-MAY-16 09.37.48.000000000 AM,7,7,40.665,-72.5083,,SNE,16,1010,11.37,C,OBL,STD,280,32,,38,,,,,,22-JUL-16,22-JUL-16,PLANKTON,PLANKTON,
38627,70156,GU1608,0008,8,BON/CTD,22-MAY-16 11.33.46.000000000 AM,8,8,40.41,-72.5017,,SNE,16,1010,11.5,C,OBL,STD,338,45,,49,,,,,,22-JUL-16,22-JUL-16,PLANKTON,PLANKTON,
38628,70157,GU1608,0009,9,BON/CTD,22-MAY-16 12.25.10.000000000 PM,9,9,40.3317,-72.585,,SNE,16,1010,11.25,C,OBL,STD,315,44,,50,,,,,,22-JUL-16,22-JUL-16,PLANKTON,PLANKTON,
38629,70158,GU1608,0010,10,BON/CTD,22-MAY-16 02.43.04.000000000 PM,10,10,40.415,-73.0033,,SNE,16,1010,11.46,C,OBL,STD,354,33,,38,,,,,,22-JUL-16,22-JUL-16,PLANKTON,PLANKTON,
38630,70159,GU1608,0011,11,BON/CTD,22-MAY-16 04.57.33.000000000 PM,11,11,40.415,-73.42,,SNE,17,3110,12.98,C,OBL,STD,306,26,,30,,,,,,22-JUL-16,22-JUL-16,PLANKTON,PLANKTON,
38631,70160,GU1608,0012,12,BON/CTD,22-MAY-16 10.25.17.000000000 PM,12,12,39.58,-73.5067,LSPRING,MAB,11,1730,11.55,C,OBL,STD,362,34,,38,,,,,,22-JUL-16,22-JUL-16,PLANKTON,PLANKTON,
38632,70161,GU1608,0013,13,BON/CTD,22-MAY-16 11.35.01.000000000 PM,13,13,39.4183,-73.42,LSPRING,MAB,11,1730,10.9,C,OBL,STD,394,35,,37,,,,,,22-JUL-16,22-JUL-16,PLANKTON,PLANKTON,
38633,70162,GU1608,0015,15,BON/CTD,23-MAY-16 02.25.48.000000000 AM,14,15,39.3317,-73.09,LSPRING,MAB,10,1740,11.41,C,OBL,STD,398,58,,62,,,,,,22-JUL-16,22-JUL-16,PLANKTON,PLANKTON,
38634,70163,GU1608,0016,16,BON/CTD,23-MAY-16 04.00.53.000000000 AM,15,16,39.2483,-72.845,LSPRING,MAB,10,1740,10.65,C,OBL,STD,558,79,,83,,,,,,22-JUL-16,22-JUL-16,PLANKTON,PLANKTON,
38635,70164,GU1608,0019,19,BON/CTD,23-MAY-16 09.06.55.000000000 AM,16,19,38.87,-72.47,LSPRING,MAB,56,,17.94,C,OBL,OT,1437,202,,1850,,,,,,22-JUL-16,22-JUL-16,PLANKTON,PLANKTON,
38636,70165,GU1608,0020,20,BON/CTD,23-MAY-16 11.13.26.000000000 AM,17,20,38.8483,-72.7767,LSPRING,MAB,56,,17.15,C,OBL,OT,1337,201,,1321,,,,,,22-JUL-16,22-JUL-16,PLANKTON,PLANKTON,
38637,70166,GU1608,0021,21,BON/CTD,23-MAY-16 01.14.10.000000000 PM,18,21,38.8317,-73.0833,LSPRING,MAB,10,1740,10.88,C,OBL,STD,597,85,,89,,,,,,22-JUL-16,22-JUL-16,PLANKTON,PLANKTON,
38638,70167,GU1608,0022,22,BON/CTD,23-MAY-16 03.55.35.000000000 PM,19,22,38.5017,-73.3417,LSPRING,MAB,10,1750,15.66,C,OBL,STD,921,122,,127,,,,,,22-JUL-16,22-JUL-16,PLANKTON,PLANKTON,
38639,70168,GU1608,0023,23,BON/CTD,23-MAY-16 08.30.52.000000000 PM,20,23,38.415,-74.25,LSPRING,MAB,8,1690,12.04,C,OBL,STD,325,42,,46,,,,,,22-JUL-16,22-JUL-16,PLANKTON,PLANKTON,
38640,70169,GU1608,0024,24,BON/CTD,23-MAY-16 11.46.02.000000000 PM,21,24,37.9167,-74.3333,LSPRING,MAB,7,1700,12.57,C,OBL,STD,486,63,,67,,,,,,22-JUL-16,22-JUL-16,PLANKTON,PLANKTON,
38641,70170,GU1608,0025,25,BON/CTD,24-MAY-16 01.07.23.000000000 AM,22,25,37.7483,-74.335,LSPRING,MAB,7,1700,13.78,C,OBL,STD,469,76,,80,,,,,,22-JUL-16,22-JUL-16,PLANKTON,PLANKTON,
38642,70171,GU1608,0027,27,BON/CTD,24-MAY-16 03.33.12.000000000 AM,23,27,37.6117,-74.075,LSPRING,MAB,54,,14.59,C,OBL,OT,1325,202,,1369,,,,,,22-JUL-16,22-JUL-16,PLANKTON,PLANKTON,
38643,70172,GU1608,0028,28,BON/CTD,24-MAY-16 06.00.00.000000000 AM,24,28,37.555,-74.415,LSPRING,MAB,4,1660,12.74,C,OBL,OT,814,91,,97,,,,,,22-JUL-16,22-JUL-16,PLANKTON,PLANKTON,
38644,70173,GU1608,0029,29,BON/CTD,24-MAY-16 10.12.33.000000000 AM,25,29,37.0833,-74.9117,LSPRING,MAB,5,1650,12.74,C,OBL,STD,410,46,,50,,,,,,22-JUL-16,22-JUL-16,PLANKTON,PLANKTON,
38645,70174,GU1608,0030,30,BON/CTD,24-MAY-16 01.05.04.000000000 PM,26,30,36.6633,-74.7483,LSPRING,MAB,4,1660,13.57,C,OBL,STD,763,80,,86,,,,,,22-JUL-16,22-JUL-16,PLANKTON,PLANKTON,
38646,70175,GU1608,0032,32,BON/CTD,24-MAY-16 07.04.46.000000000 PM,27,32,36.0017,-74.74,LSPRING,MAB,1,1640,23.27,C,OBL,STD,1313,201,,663,,,,,,22-JUL-16,22-JUL-16,PLANKTON,PLANKTON,
38647,70176,GU1608,0034,34,BON/CTD,25-MAY-16 12.58.12.000000000 AM,28,34,35.6717,-75.4067,LSPRING,MAB,3,3440,17.17,C,OBL,STD,279,22,,24,,,,,,22-JUL-16,22-JUL-16,PLANKTON,PLANKTON,
38648,70177,GU1608,0035,35,BON/CTD,25-MAY-16 03.36.15.000000000 AM,29,35,35.9933,-75.5867,LSPRING,MAB,3,3400,17.51,C,OBL,STD,428,19,,22,,,,,,22-JUL-16,22-JUL-16,PLANKTON,PLANKTON,
38649,70178,GU1608,0038,38,BON/CTD,25-MAY-16 08.17.30.000000000 AM,30,38,36.165,-75.1667,LSPRING,MAB,2,1610,15.28,C,OBL,STD,344,28,,33,,,,,,22-JUL-16,22-JUL-16,PLANKTON,PLANKTON,
38650,70179,GU1608,0039,39,BON/CTD,25-MAY-16 10.17.46.000000000 AM,31,39,36.415,-75.1633,LSPRING,MAB,2,1610,15.49,C,OBL,STD,288,30,,32,,,,,,22-JUL-16,22-JUL-16,PLANKTON,PLANKTON,
38651,70180,GU1608,0040,40,BON/CTD,25-MAY-16 03.12.33.000000000 PM,32,40,36.915,-75.835,LSPRING,MAB,6,3370,16.75,C,OBL,STD,263,9,,13,,,,,,22-JUL-16,22-JUL-16,PLANKTON,PLANKTON,
38652,70181,GU1608,0041,41,BON/CTD,25-MAY-16 05.52.39.000000000 PM,33,41,37.2483,-75.5817,LSPRING,MAB,6,3350,15.26,C,OBL,STD,340,17,,21,,,,,,22-JUL-16,22-JUL-16,PLANKTON,PLANKTON,
38653,70182,GU1608,0042,42,BON/CTD,25-MAY-16 08.38.41.000000000 PM,34,42,37.25,-75.0867,LSPRING,MAB,5,1650,14.18,C,OBL,STD,390,32,,35,,,,,,22-JUL-16,22-JUL-16,PLANKTON,PLANKTON,
38654,70183,GU1608,0043,43,BON/CTD,25-MAY-16 09.57.28.000000000 PM,35,43,37.33,-74.9233,LSPRING,MAB,5,1650,13.81,C,OBL,STD,369,36,,40,,,,,,22-JUL-16,22-JUL-16,PLANKTON,PLANKTON,
38655,70184,GU1608,0044,44,BON/CTD,25-MAY-16 10.58.04.000000000 PM,36,44,37.4117,-74.835,LSPRING,MAB,5,1650,14.57,C,OBL,STD,349,42,,47,,,,,,22-JUL-16,22-JUL-16,PLANKTON,PLANKTON,
38656,70185,GU1608,0045,45,BON/CTD,25-MAY-16 11.57.07.000000000 PM,37,45,37.5,-74.7517,LSPRING,MAB,5,1650,13.86,C,OBL,STD,372,47,,51,,,,,,22-JUL-16,22-JUL-16,PLANKTON,PLANKTON,
38657,70186,GU1608,0048,48,BON/CTD,26-MAY-16 07.33.39.000000000 AM,38,48,38.3317,-74.83,LSPRING,MAB,9,3290,13.8,C,OBL,STD,565,15,,18,,,,,,22-JUL-16,22-JUL-16,PLANKTON,PLANKTON,
38658,70187,GU1608,0049,49,BON/CTD,26-MAY-16 08.58.00.000000000 AM,39,49,38.4133,-74.67,LSPRING,MAB,8,1690,13.91,C,OBL,STD,259,32,,35,,,,,,22-JUL-16,22-JUL-16,PLANKTON,PLANKTON,
38659,70188,GU1608,0050,50,BON/CTD,26-MAY-16 11.22.03.000000000 AM,40,50,38.7433,-74.6667,LSPRING,MAB,8,1690,14.19,C,OBL,STD,349,20,,26,,,,,,22-JUL-16,22-JUL-16,PLANKTON,PLANKTON,
38660,70189,GU1608,0051,51,BON/CTD,26-MAY-16 12.54.23.000000000 PM,41,51,38.915,-74.6633,LSPRING,MAB,12,3220,14.7,C,OBL,STD,278,11,,15,,,,,,22-JUL-16,22-JUL-16,PLANKTON,PLANKTON,
38661,70190,GU1608,0052,52,BON/CTD,26-MAY-16 05.36.48.000000000 PM,42,52,38.7467,-74.0033,LSPRING,MAB,8,1690,13.52,C,OBL,STD,520,44,,48,,,,,,22-JUL-16,22-JUL-16,PLANKTON,PLANKTON,
38662,70191,GU1608,0053,53,BON/CTD,26-MAY-16 07.14.08.000000000 PM,43,53,38.9133,-73.8367,LSPRING,MAB,11,1730,13.67,C,OBL,STD,416,39,,40,,,,,,22-JUL-16,22-JUL-16,PLANKTON,PLANKTON,
38663,70192,GU1608,0054,54,BON/CTD,26-MAY-16 09.44.37.000000000 PM,44,54,39.25,-73.9983,LSPRING,MAB,11,1730,12.76,C,OBL,STD,301,22,,27,,,,,,22-JUL-16,22-JUL-16,PLANKTON,PLANKTON,
38664,70193,GU1608,0055,55,BON/CTD,26-MAY-16 11.15.36.000000000 PM,45,55,39.4133,-74.165,LSPRING,MAB,13,3200,15.24,C,OBL,STD,238,14,,18,,,,,,22-JUL-16,22-JUL-16,PLANKTON,PLANKTON,
38665,70194,GU1608,0057,57,BON/CTD,27-MAY-16 02.15.59.000000000 AM,46,57,39.6617,-73.9183,LSPRING,MAB,13,3170,14.68,C,OBL,STD,328,22,,26,,,,,,22-JUL-16,22-JUL-16,PLANKTON,PLANKTON,
38666,70195,GU1608,0058,58,BON/CTD,27-MAY-16 07.52.02.000000000 AM,47,58,39.4983,-72.8333,LSPRING,SNE,15,1020,13.2,C,OBL,STD,370,61,,65,,,,,,22-JUL-16,22-JUL-16,PLANKTON,PLANKTON,
38667,70196,GU1608,0059,59,BON/CTD,27-MAY-16 10.44.04.000000000 AM,48,59,39.6633,-72.335,LSPRING,SNE,15,1020,12.91,C,OBL,STD,682,110,,114,,,,,,22-JUL-16,22-JUL-16,PLANKTON,PLANKTON,
38668,70197,GU1608,0060,60,BON/CTD,27-MAY-16 12.00.50.000000000 PM,49,60,39.6667,-72.165,LSPRING,SNE,14,1030,12.82,C,OBL,STD,983,119,,124,,,,,,22-JUL-16,22-JUL-16,PLANKTON,PLANKTON,
38669,70198,GU1608,0061,61,BON/CTD,27-MAY-16 03.03.03.000000000 PM,50,61,40.0867,-72.0817,LSPRING,SNE,15,1020,13.54,C,OBL,STD,477,68,,74,,,,,,22-JUL-16,22-JUL-16,PLANKTON,PLANKTON,
38670,70199,GU1608,0062,62,BON/CTD,27-MAY-16 08.33.45.000000000 PM,51,62,40.4117,-71.1717,LSPRING,SNE,19,1060,12.69,C,OBL,STD,503,79,,83,,,,,,22-JUL-16,22-JUL-16,PLANKTON,PLANKTON,
38671,70200,GU1608,0063,63,BON/CTD,27-MAY-16 11.55.10.000000000 PM,52,63,40.0117,-71,LSPRING,SNE,18,1080,13.26,C,OBL,STD,1380,201,,321,,,,,,22-JUL-16,22-JUL-16,PLANKTON,PLANKTON,
38672,70201,GU1608,0064,65,BON/CTD,28-MAY-16 02.26.44.000000000 AM,54,64,39.82,-70.8167,LSPRING,SNE,60,,13.96,C,OBL,OT,1340,201,,1072,,,,,,22-JUL-16,31-JAN-17,PLANKTON,PLANKTON,
38673,70202,GU1608,0065,66,BON/CTD,28-MAY-16 04.26.24.000000000 AM,55,65,39.655,-70.62,LSPRING,SNE,60,,17.72,C,OBL,OT,1200,201,,2216,,,,,,22-JUL-16,22-JUL-16,PLANKTON,PLANKTON,
38674,70203,GU1608,0068,69,BON/CTD,28-MAY-16 10.42.09.000000000 AM,56,68,40.2483,-70.335,LSPRING,SNE,23,1100,11.7,C,OBL,STD,596,95,,100,,,,,,22-JUL-16,22-JUL-16,PLANKTON,PLANKTON,
38675,70204,GU1608,0069,70,BON/CTD,28-MAY-16 12.58.05.000000000 PM,57,69,40.5,-70.58,LSPRING,SNE,23,1100,12.37,C,OBL,STD,387,66,,71,,,,,,22-JUL-16,22-JUL-16,PLANKTON,PLANKTON,
38676,70205,GU1608,0070,71,BON/CTD,28-MAY-16 02.46.34.000000000 PM,58,70,40.6667,-70.3317,LSPRING,SNE,24,1090,12.2,C,OBL,STD,465,47,,52,,,,,,22-JUL-16,22-JUL-16,PLANKTON,PLANKTON,
38677,70206,GU1608,0072,73,BON/CTD,28-MAY-16 05.37.16.000000000 PM,59,72,40.665,-70.7517,LSPRING,SNE,19,1060,12.87,C,OBL,STD,368,61,,65,,,,,,22-JUL-16,22-JUL-16,PLANKTON,PLANKTON,
38678,70207,GU1608,0073,74,BON/CTD,28-MAY-16 07.10.30.000000000 PM,60,73,40.83,-70.9183,LSPRING,SNE,19,1060,13.77,C,OBL,STD,368,52,,55,,,,,,22-JUL-16,22-JUL-16,PLANKTON,PLANKTON,
38679,70208,GU1608,0074,75,BON/CTD,28-MAY-16 08.34.34.000000000 PM,61,74,40.9983,-70.835,LSPRING,SNE,20,1050,13.01,C,OBL,STD,404,47,,50,,,,,,22-JUL-16,22-JUL-16,PLANKTON,PLANKTON,
38680,70209,GU1608,0076,77,BON/CTD,28-MAY-16 11.10.52.000000000 PM,62,76,41.165,-70.5017,LSPRING,SNE,24,1090,12.74,C,OBL,STD,326,32,,37,,,,,,22-JUL-16,22-JUL-16,PLANKTON,PLANKTON,
38681,70210,GU1608,0077,78,BON/CTD,29-MAY-16 12.06.36.000000000 AM,63,77,41.24,-70.4083,LSPRING,SNE,24,1090,12.71,C,OBL,STD,324,26,,31,,,,,,22-JUL-16,22-JUL-16,PLANKTON,PLANKTON,
38682,70211,GU1608,0078,79,BON/CTD,29-MAY-16 04.11.08.000000000 AM,64,78,40.7483,-70.0067,LSPRING,SNE,24,1090,11.24,C,OBL,STD,484,34,,39,,,,,,22-JUL-16,22-JUL-16,PLANKTON,PLANKTON,
38683,70212,GU1608,0079,80,BON/CTD,29-MAY-16 07.11.35.000000000 AM,65,79,40.3317,-69.9183,LSPRING,SNE,23,1100,12.81,C,OBL,STD,635,79,,84,,,,,,22-JUL-16,22-JUL-16,PLANKTON,PLANKTON,
38684,70213,GU1608,0080,81,BON/CTD,29-MAY-16 08.20.28.000000000 AM,66,80,40.3317,-69.7533,LSPRING,SNE,23,1100,12.74,C,OBL,STD,512,71,,76,,,,,,22-JUL-16,22-JUL-16,PLANKTON,PLANKTON,
38685,70214,GU1608,0081,82,BON/CTD,29-MAY-16 12.24.50.000000000 PM,67,81,40.08,-69,LSPRING,SNE,22,1110,13.89,C,OBL,STD,1193,166,,172,,,,,,22-JUL-16,22-JUL-16,PLANKTON,PLANKTON,
38686,70215,GU1608,0082,83,BON/CTD,29-MAY-16 02.58.59.000000000 PM,68,82,40.2517,-68.6667,LSPRING,GB,26,1140,12.1,C,OBL,STD,833,109,,114,,,,,,22-JUL-16,22-JUL-16,PLANKTON,PLANKTON,
38687,70216,GU1608,0083,84,BON/CTD,29-MAY-16 05.14.41.000000000 PM,69,83,40.4983,-68.505,LSPRING,GB,27,1130,12.03,C,OBL,STD,626,86,,91,,,,,,22-JUL-16,22-JUL-16,PLANKTON,PLANKTON,
38688,70217,GU1608,0084,85,BON/CTD,29-MAY-16 07.02.49.000000000 PM,70,84,40.4133,-68.25,LSPRING,GB,26,1140,10.9,C,OBL,STD,961,119,,125,,,,,,22-JUL-16,22-JUL-16,PLANKTON,PLANKTON,
38689,70218,GU1608,0087,88,BON/CTD,30-MAY-16 02.21.19.000000000 AM,71,87,40.58,-67.5033,LSPRING,GB,27,1130,10.92,C,OBL,STD,762,101,,106,,,,,,22-JUL-16,22-JUL-16,PLANKTON,PLANKTON,
38690,70219,GU1608,0088,89,BON/CTD,30-MAY-16 03.07.53.000000000 AM,72,88,40.5767,-67.5883,LSPRING,GB,27,1130,10.26,C,OBL,STD,836,101,,105,,,,,,22-JUL-16,22-JUL-16,PLANKTON,PLANKTON,
38691,70220,GU1608,0089,90,BON/CTD,30-MAY-16 04.37.54.000000000 AM,73,89,40.5917,-67.84,LSPRING,GB,27,1130,12.46,C,OBL,STD,750,84,,89,,,,,,22-JUL-16,22-JUL-16,PLANKTON,PLANKTON,
38692,70221,GU1608,0090,91,BON/CTD,30-MAY-16 05.27.33.000000000 AM,74,90,40.665,-67.835,LSPRING,GB,27,1130,12.73,C,OBL,STD,470,74,,80,,,,,,22-JUL-16,22-JUL-16,PLANKTON,PLANKTON,
38693,70222,GU1608,0092,93,BON/CTD,30-MAY-16 09.56.13.000000000 AM,75,92,41.0083,-67.4933,LSPRING,GB,27,1130,10.48,C,OBL,STD,454,61,,67,,,,,,22-JUL-16,22-JUL-16,PLANKTON,PLANKTON,
38694,70223,GU1608,0093,94,BON/CTD,30-MAY-16 01.11.34.000000000 PM,76,93,41.4117,-67.7533,LSPRING,GB,30,1190,10.78,C,OBL,STD,706,30,,34,,,,,,22-JUL-16,22-JUL-16,PLANKTON,PLANKTON,
38695,70224,GU1608,0095,96,BON/CTD,30-MAY-16 04.34.07.000000000 PM,77,95,41.4967,-67.2533,LSPRING,GB,30,1190,9.87,C,OBL,STD,364,43,,47,,,,,,22-JUL-16,22-JUL-16,PLANKTON,PLANKTON,
38696,70225,GU1608,0096,97,BON/CTD,30-MAY-16 06.17.59.000000000 PM,78,96,41.5,-67.0067,LSPRING,GB,29,1160,9.73,C,OBL,STD,468,64,,65,,,,,,22-JUL-16,22-JUL-16,PLANKTON,PLANKTON,
38696,70226,GU1608,0096,98,BON/CTD,30-MAY-16 06.46.13.000000000 PM,79,96,41.4967,-67.005,LSPRING,GB,29,1160,9.74,C,OBL,STD,398,61,,65,,,,,,22-JUL-16,22-JUL-16,PLANKTON,PLANKTON,
38697,70227,GU1608,0097,99,BON/CTD,30-MAY-16 08.43.13.000000000 PM,80,97,41.4967,-66.6733,LSPRING,GB,29,1160,9.7,C,OBL,STD,571,73,,79,,,,,,22-JUL-16,22-JUL-16,PLANKTON,PLANKTON,
38698,70228,GU1608,0098,100,BON/CTD,30-MAY-16 11.58.11.000000000 PM,81,98,41.08,-66.43,LSPRING,GB,28,1170,11.17,C,OBL,STD,1077,148,,155,,,,,,22-JUL-16,22-JUL-16,PLANKTON,PLANKTON,
38699,70229,GU1608,0099,101,BON/CTD,31-MAY-16 03.12.31.000000000 AM,82,99,41.495,-66.3383,LSPRING,GB,29,1160,9.9,C,OBL,STD,537,86,,90,,,,,,22-JUL-16,22-JUL-16,PLANKTON,PLANKTON,
38700,70230,GU1608,0100,102,BON/CTD,31-MAY-16 04.48.41.000000000 AM,83,100,41.6683,-66.2517,LSPRING,GB,29,1160,8.58,C,OBL,STD,488,83,,88,,,,,,22-JUL-16,22-JUL-16,PLANKTON,PLANKTON,
38701,70231,GU1608,0101,103,BON/CTD,31-MAY-16 07.18.56.000000000 AM,84,101,41.6667,-65.8333,LSPRING,GB,28,1170,11.35,C,OBL,STD,999,154,,159,,,,,,22-JUL-16,22-JUL-16,PLANKTON,PLANKTON,
38702,70232,GU1608,0103,105,BON/CTD,31-MAY-16 01.08.52.000000000 PM,85,103,41.83,-65.915,LSPRING,GB,29,1160,8.89,C,OBL,STD,791,108,,113,,,,,,22-JUL-16,22-JUL-16,PLANKTON,PLANKTON,
38703,70233,GU1608,0104,106,BON/CTD,31-MAY-16 04.24.06.000000000 PM,86,104,42.2267,-65.7633,LSPRING,GOM,381,1290,9.47,C,OBL,STD,1660,201,,224,,,,,,22-JUL-16,22-JUL-16,PLANKTON,PLANKTON,
38704,70234,GU1608,0105,108,BON/CTD,31-MAY-16 07.45.38.000000000 PM,87,105,42.085,-66.1683,LSPRING,GB,32,1210,7.78,C,OBL,STD,584,89,,96,,,,,,22-JUL-16,22-JUL-16,PLANKTON,PLANKTON,
38705,70235,GU1608,0106,109,BON/CTD,31-MAY-16 09.51.37.000000000 PM,88,106,41.9167,-66.42,LSPRING,GB,29,1160,9.01,C,OBL,STD,583,86,,91,,,,,,22-JUL-16,22-JUL-16,PLANKTON,PLANKTON,
38706,70236,GU1608,0107,110,BON/CTD,31-MAY-16 10.57.11.000000000 PM,89,107,41.8317,-66.3367,LSPRING,GB,29,1160,9.15,C,OBL,STD,646,75,,79,,,,,,22-JUL-16,22-JUL-16,PLANKTON,PLANKTON,
38707,70237,GU1608,0108,111,BON/CTD,01-JUN-16 01.03.05.000000000 AM,90,108,41.7483,-66.6567,LSPRING,GB,29,1160,8.97,C,OBL,STD,425,61,,65,,,,,,22-JUL-16,22-JUL-16,PLANKTON,PLANKTON,
38708,70238,GU1608,0109,112,BON/CTD,01-JUN-16 04.22.49.000000000 AM,91,109,42.165,-66.665,LSPRING,GB,32,1220,10,C,OBL,STD,973,165,,169,,,,,,22-JUL-16,22-JUL-16,PLANKTON,PLANKTON,
38709,70239,GU1608,0110,113,BON/CTD,01-JUN-16 07.01.14.000000000 AM,92,110,41.995,-67.0883,LSPRING,GB,30,1190,9.56,C,OBL,STD,370,49,,54,,,,,,22-JUL-16,22-JUL-16,PLANKTON,PLANKTON,
38710,70240,GU1608,0111,114,BON/CTD,01-JUN-16 08.49.48.000000000 AM,93,111,41.9217,-67.415,LSPRING,GB,31,1200,10.15,C,OBL,STD,409,45,,51,,,,,,22-JUL-16,22-JUL-16,PLANKTON,PLANKTON,
38711,70241,GU1608,0112,115,BON/CTD,01-JUN-16 09.28.30.000000000 AM,94,112,42.0033,-67.4217,LSPRING,GB,31,1200,10.06,C,OBL,STD,333,35,,39,,,,,,22-JUL-16,22-JUL-16,PLANKTON,PLANKTON,
38712,70242,GU1608,0114,117,BON/CTD,01-JUN-16 02.29.06.000000000 PM,95,114,41.7433,-68.165,LSPRING,GB,31,1200,11.7,C,OBL,STD,353,47,,53,,,,,,22-JUL-16,22-JUL-16,PLANKTON,PLANKTON,
38713,70243,GU1608,0115,118,BON/CTD,01-JUN-16 05.32.01.000000000 PM,96,115,41.245,-68.0833,LSPRING,GB,30,1190,10.79,C,OBL,STD,363,40,,44,,,,,,22-JUL-16,22-JUL-16,PLANKTON,PLANKTON,
38714,70244,GU1608,0116,119,BON/CTD,01-JUN-16 07.20.07.000000000 PM,97,116,40.9983,-68.1683,LSPRING,GB,30,1190,10.98,C,OBL,STD,443,41,,44,,,,,,22-JUL-16,22-JUL-16,PLANKTON,PLANKTON,
38715,70245,GU1608,0117,120,BON/CTD,01-JUN-16 09.46.06.000000000 PM,98,117,40.75,-68.3383,LSPRING,GB,30,1190,11.17,C,OBL,STD,510,56,,60,,,,,,22-JUL-16,22-JUL-16,PLANKTON,PLANKTON,
38716,70246,GU1608,0118,121,BON/CTD,01-JUN-16 11.33.56.000000000 PM,99,118,40.835,-68.6683,LSPRING,GB,30,1190,9.86,C,OBL,STD,406,57,,62,,,,,,22-JUL-16,22-JUL-16,PLANKTON,PLANKTON,
38717,70247,GU1608,0120,123,BON/CTD,02-JUN-16 03.26.22.000000000 AM,100,120,40.9817,-69.055,LSPRING,SNE,23,1100,9.56,C,OBL,STD,444,75,,79,,,,,,22-JUL-16,22-JUL-16,PLANKTON,PLANKTON,
38718,70248,GU1608,0121,124,BON/CTD,02-JUN-16 05.52.55.000000000 AM,101,121,41.1617,-68.7533,LSPRING,GOM,33,1230,9.6,C,OBL,STD,399,55,,60,,,,,,22-JUL-16,22-JUL-16,PLANKTON,PLANKTON,
38719,70249,GU1608,0122,125,BON/CTD,02-JUN-16 08.15.42.000000000 AM,102,122,41.415,-69.0083,LSPRING,GOM,34,1240,12.55,C,OBL,STD,942,145,,151,,,,,,22-JUL-16,22-JUL-16,PLANKTON,PLANKTON,
38720,70250,GU1608,0123,126,BON/CTD,02-JUN-16 10.06.41.000000000 AM,103,123,41.665,-69.0017,LSPRING,GOM,34,1240,12.67,C,OBL,STD,1087,153,,159,,,,,,22-JUL-16,22-JUL-16,PLANKTON,PLANKTON,
38721,70251,GU1608,0124,127,BON/CTD,02-JUN-16 11.15.13.000000000 AM,104,124,41.745,-69.0883,LSPRING,GOM,34,1240,12.46,C,OBL,STD,1187,166,,171,,,,,,22-JUL-16,22-JUL-16,PLANKTON,PLANKTON,
38722,70252,GU1608,0125,128,BON/CTD,02-JUN-16 02.10.01.000000000 PM,105,125,42.085,-69.3383,LSPRING,GOM,37,1280,12.85,C,OBL,STD,1418,208,,216,,,,,,22-JUL-16,22-JUL-16,PLANKTON,PLANKTON,
38723,70253,GU1608,0126,129,BON/CTD,02-JUN-16 05.32.00.000000000 PM,106,126,42.0767,-69.9233,LSPRING,GOM,36,1260,13.9,C,OBL,STD,598,84,,88,,,,,,22-JUL-16,22-JUL-16,PLANKTON,PLANKTON,
38724,70254,GU1608,0127,130,BON/CTD,03-JUN-16 06.54.53.000000000 AM,107,127,41.2533,-70.655,LSPRING,SNE,25,3460,13.73,C,OBL,STD,397,20,,26,,,,,,22-JUL-16,22-JUL-16,PLANKTON,PLANKTON,
38725,70255,GU1608,0128,131,BON/CTD,03-JUN-16 08.51.02.000000000 AM,108,128,41.265,-70.98,LSPRING,SNE,20,1050,14.16,C,OBL,STD,319,36,,41,,,,,,22-JUL-16,22-JUL-16,PLANKTON,PLANKTON,
38726,70256,GU1608,0129,132,BON/CTD,07-JUN-16 11.45.36.000000000 PM,109,129,42.1667,-70.5767,LSPRING,GOM,35,3590,14.02,C,OBL,STD,310,25,,29,,,,,,22-JUL-16,22-JUL-16,PLANKTON,PLANKTON,
38727,70257,GU1608,0130,133,BON/CTD,08-JUN-16 01.07.38.000000000 AM,110,130,42.1633,-70.3367,LSPRING,GOM,36,1260,14.1,C,OBL,STD,237,22,,26,,,,,,22-JUL-16,22-JUL-16,PLANKTON,PLANKTON,
38728,70258,GU1608,0133,136,BON/CTD,08-JUN-16 05.34.30.000000000 AM,111,133,42.4217,-70.605,LSPRING,GOM,36,1260,14.56,C,OBL,STD,572,84,,89,,,,,,22-JUL-16,22-JUL-16,PLANKTON,PLANKTON,
38729,70259,GU1608,0135,139,BON/CTD,08-JUN-16 11.29.10.000000000 AM,112,135,42.4983,-69.655,LSPRING,GOM,37,1280,12.97,C,OBL,STD,1558,201,,250,,,,,,22-JUL-16,22-JUL-16,PLANKTON,PLANKTON,
38730,70260,GU1608,0136,141,BON/CTD,08-JUN-16 02.33.23.000000000 PM,113,136,42.6583,-69.325,LSPRING,GOM,37,1280,12.84,C,OBL,STD,1387,211,,220,,,,,,22-JUL-16,22-JUL-16,PLANKTON,PLANKTON,
38731,70261,GU1608,0137,142,BON/CTD,08-JUN-16 05.48.36.000000000 PM,114,137,43.08,-69.4183,LSPRING,GOM,41,1370,14.09,C,OBL,STD,1180,172,,179,,,,,,22-JUL-16,22-JUL-16,PLANKTON,PLANKTON,
38732,70262,GU1608,0138,143,BON/CTD,08-JUN-16 08.54.25.000000000 PM,115,138,42.995,-68.83,LSPRING,GOM,41,1370,12.53,C,OBL,STD,1520,174,,183,,,,,,22-JUL-16,22-JUL-16,PLANKTON,PLANKTON,
38733,70263,GU1608,0139,144,BON/CTD,08-JUN-16 11.53.24.000000000 PM,116,139,43.0817,-68.335,LSPRING,GOM,42,1360,12.58,C,OBL,STD,1478,194,,203,,,,,,22-JUL-16,22-JUL-16,PLANKTON,PLANKTON,
38734,70264,GU1608,0140,145,BON/CTD,09-JUN-16 01.44.28.000000000 AM,117,140,43.245,-68.1717,LSPRING,GOM,42,1360,12.41,C,OBL,STD,1329,201,,206,,,,,,22-JUL-16,22-JUL-16,PLANKTON,PLANKTON,
38735,70265,GU1608,0141,146,BON/CTD,09-JUN-16 05.05.08.000000000 AM,118,141,43.0183,-67.705,LSPRING,GOM,42,1360,10.51,C,OBL,STD,1116,166,,175,,,,,,22-JUL-16,22-JUL-16,PLANKTON,PLANKTON,
38736,70266,GU1608,0142,148,BON/CTD,09-JUN-16 08.47.07.000000000 AM,119,142,42.74,-67.4133,LSPRING,GOM,382,1290,10.11,C,OBL,STD,2170,200,,207,,,,,,22-JUL-16,22-JUL-16,PLANKTON,PLANKTON,
38737,70267,GU1608,0143,149,BON/CTD,09-JUN-16 12.40.53.000000000 PM,120,143,42.3267,-67.7467,LSPRING,GOM,382,1290,11.4,C,OBL,STD,1349,212,,220,,,,,,22-JUL-16,22-JUL-16,PLANKTON,PLANKTON,
38738,70268,GU1608,0144,150,BON/CTD,09-JUN-16 03.36.33.000000000 PM,121,144,42.325,-67.2417,LSPRING,GOM,39,1300,11.07,C,OBL,STD,1197,202,,295,,,,,,22-JUL-16,22-JUL-16,PLANKTON,PLANKTON,
38739,70269,GU1608,0145,152,BON/CTD,09-JUN-16 05.44.29.000000000 PM,123,145,42.37,-67.04,LSPRING,GOM,39,1300,11.47,C,OBL,STD,1173,203,,337,,,,,,22-JUL-16,22-JUL-16,PLANKTON,PLANKTON,
38740,70270,GU1608,0146,154,BON/CTD,09-JUN-16 08.19.35.000000000 PM,124,146,42.4967,-66.8333,LSPRING,GOM,39,1300,11.33,C,OBL,STD,1551,201,,291,,,,,,22-JUL-16,22-JUL-16,PLANKTON,PLANKTON,
38741,70271,GU1608,0147,155,BON/CTD,09-JUN-16 11.39.23.000000000 PM,125,147,42.8217,-67.0733,LSPRING,GOM,42,1360,10.51,C,OBL,STD,1400,198,,206,,,,,,22-JUL-16,22-JUL-16,PLANKTON,PLANKTON,
38742,70272,GU1608,0148,156,BON/CTD,10-JUN-16 02.10.50.000000000 AM,126,148,42.7483,-66.6683,LSPRING,GOM,47,1310,8.61,C,OBL,STD,1119,165,,169,,,,,,22-JUL-16,22-JUL-16,PLANKTON,PLANKTON,
38743,70273,GU1608,0149,157,BON/CTD,10-JUN-16 04.52.23.000000000 AM,127,149,42.7483,-66.2533,LSPRING,GOM,47,1320,8.84,C,OBL,STD,391,56,,63,,,,,,22-JUL-16,22-JUL-16,PLANKTON,PLANKTON,
38744,70274,GU1608,0150,158,BON/CTD,10-JUN-16 08.55.04.000000000 AM,128,150,42.8267,-65.4117,LSPRING,GOM,47,1310,9.6,C,OBL,STD,1146,126,,131,,,,,,22-JUL-16,22-JUL-16,PLANKTON,PLANKTON,
38745,70275,GU1608,0152,160,BON/CTD,10-JUN-16 07.51.24.000000000 PM,129,152,43.745,-66.8333,LSPRING,GOM,43,1340,9.95,C,OBL,STD,1422,165,,170,,,,,,22-JUL-16,22-JUL-16,PLANKTON,PLANKTON,
38746,70276,GU1608,0153,161,BON/CTD,10-JUN-16 09.40.37.000000000 PM,130,153,43.8017,-66.5717,LSPRING,GOM,44,1330,9.09,C,OBL,STD,1062,94,,98,,,,,,22-JUL-16,22-JUL-16,PLANKTON,PLANKTON,
38747,70277,GU1608,0154,162,BON/CTD,11-JUN-16 12.04.48.000000000 AM,131,154,43.995,-66.9233,LSPRING,GOM,43,1340,10.21,C,OBL,STD,1025,160,,164,,,,,,22-JUL-16,22-JUL-16,PLANKTON,PLANKTON,
38748,70278,GU1608,0155,163,BON/CTD,11-JUN-16 02.19.15.000000000 AM,132,155,44.24,-66.7617,LSPRING,GOM,46,1351,8.88,C,OBL,STD,1307,178,,183,,,,,,22-JUL-16,22-JUL-16,PLANKTON,PLANKTON,
38749,70279,GU1608,0156,164,BON/CTD,11-JUN-16 05.11.07.000000000 AM,133,156,44.465,-67.2217,,,482,3900,7.8,C,OBL,STD,680,91,,98,,,,,,22-JUL-16,22-JUL-16,PLANKTON,PLANKTON,
38750,70280,GU1608,0157,166,BON/CTD,11-JUN-16 07.19.20.000000000 AM,134,157,44.3233,-67.4167,LSPRING,GOM,41,1380,8.66,C,OBL,STD,721,112,,119,,,,,,22-JUL-16,22-JUL-16,PLANKTON,PLANKTON,
38751,70281,GU1608,0158,167,BON/CTD,11-JUN-16 09.08.33.000000000 AM,135,158,44.1933,-67.7,LSPRING,GOM,41,1380,8.06,C,OBL,STD,1278,172,,178,,,,,,22-JUL-16,22-JUL-16,PLANKTON,PLANKTON,
38752,70282,GU1608,0159,169,BON/CTD,11-JUN-16 01.50.54.000000000 PM,136,159,43.655,-67.495,LSPRING,GOM,42,1360,11.02,C,OBL,STD,1374,200,,226,,,,,,22-JUL-16,22-JUL-16,PLANKTON,PLANKTON,
38753,70283,GU1608,0160,171,BON/CTD,11-JUN-16 04.42.31.000000000 PM,138,160,43.395,-67.6883,LSPRING,GOM,42,1360,10.81,C,OBL,OT,1209,202,,247,,,,,,22-JUL-16,22-JUL-16,PLANKTON,PLANKTON,
38754,70284,GU1608,0161,173,BON/CTD,11-JUN-16 06.50.17.000000000 PM,139,161,43.5033,-67.88,LSPRING,GOM,42,1360,11.09,C,OBL,STD,1399,200,,247,,,,,,22-JUL-16,22-JUL-16,PLANKTON,PLANKTON,
38755,70285,GU1608,0162,175,BON/CTD,11-JUN-16 11.15.07.000000000 PM,140,162,43.66,-68.5817,LSPRING,GOM,41,1380,9.75,C,OBL,STD,1147,158,,164,,,,,,22-JUL-16,22-JUL-16,PLANKTON,PLANKTON,
38756,70286,GU1608,0163,176,BON/CTD,12-JUN-16 12.33.01.000000000 AM,141,163,43.7767,-68.65,LSPRING,GOM,41,1380,9.47,C,OBL,STD,787,97,,105,,,,,,22-JUL-16,22-JUL-16,PLANKTON,PLANKTON,
38757,70287,GU1608,0164,178,BON/CTD,12-JUN-16 03.11.43.000000000 AM,142,164,43.8283,-69.07,LSPRING,GOM,45,1390,10.7,C,OBL,STD,504,66,,72,,,,,,22-JUL-16,22-JUL-16,PLANKTON,PLANKTON,
38758,70288,GU1608,0166,180,BON/CTD,12-JUN-16 09.22.22.000000000 AM,143,166,43.4183,-70.2433,LSPRING,GOM,40,3720,13.16,C,OBL,STD,540,81,,85,,,,,,22-JUL-16,22-JUL-16,PLANKTON,PLANKTON,
38759,70289,GU1608,0168,182,BON/CTD,12-JUN-16 12.58.39.000000000 PM,144,168,42.9917,-70.42,LSPRING,GOM,40,1400,12.53,C,OBL,STD,699,100,,105,,,,,,22-JUL-16,22-JUL-16,PLANKTON,PLANKTON,
38760,70290,GU1608,0169,184,BON/CTD,12-JUN-16 02.17.49.000000000 PM,145,169,43.0767,-70.335,LSPRING,GOM,36,1270,12.97,C,OBL,STD,664,112,,119,,,,,,22-JUL-16,22-JUL-16,PLANKTON,PLANKTON,
38761,70291,GU1608,0170,185,BON/CTD,12-JUN-16 03.28.17.000000000 PM,146,170,43.1583,-70.1617,LSPRING,GOM,36,1270,13.48,C,OBL,STD,830,142,,147,,,,,,22-JUL-16,22-JUL-16,PLANKTON,PLANKTON,
38762,70292,GU1608,0171,186,BON/CTD,12-JUN-16 05.08.04.000000000 PM,147,171,43.325,-69.9933,LSPRING,GOM,36,1270,13.02,C,OBL,STD,1107,157,,162,,,,,,22-JUL-16,22-JUL-16,PLANKTON,PLANKTON,
38763,70293,GU1608,0172,187,BON/CTD,12-JUN-16 06.14.09.000000000 PM,148,172,43.2383,-70,LSPRING,GOM,36,1270,12.61,C,OBL,STD,676,108,,112,,,,,,22-JUL-16,22-JUL-16,PLANKTON,PLANKTON,
38764,70294,GU1608,0173,188,BON/CTD,12-JUN-16 07.35.09.000000000 PM,149,173,43.075,-70.085,LSPRING,GOM,36,1260,12.58,C,OBL,STD,633,95,,100,,,,,,22-JUL-16,22-JUL-16,PLANKTON,PLANKTON,
38765,70295,GU1608,0174,189,BON/CTD,12-JUN-16 09.27.18.000000000 PM,150,174,42.8283,-70.005,LSPRING,GOM,36,1270,12.67,C,OBL,STD,1283,174,,179,,,,,,22-JUL-16,22-JUL-16,PLANKTON,PLANKTON,
38766,70296,GU1608,0175,190,BON/CTD,12-JUN-16 10.41.32.000000000 PM,151,175,42.8267,-70.1617,LSPRING,GOM,36,1260,12.57,C,OBL,STD,838,100,,107,,,,,,22-JUL-16,22-JUL-16,PLANKTON,PLANKTON,
38767,70297,GU1608,0176,191,BON/CTD,13-JUN-16 12.04.38.000000000 AM,152,176,42.9017,-70.3267,LSPRING,GOM,36,1270,12.48,C,OBL,STD,1187,162,,167,,,,,,22-JUL-16,22-JUL-16,PLANKTON,PLANKTON,
38768,70298,GU1608,0177,192,BON/CTD,13-JUN-16 02.20.28.000000000 AM,153,177,42.74,-70.6517,LSPRING,GOM,35,3650,12.35,C,OBL,STD,441,39,,45,,,,,,22-JUL-16,22-JUL-16,PLANKTON,PLANKTON,
38769,70299,GU1608,0178,193,BON/CTD,13-JUN-16 03.28.46.000000000 AM,154,178,42.6583,-70.4933,LSPRING,GOM,35,3660,12.37,C,OBL,STD,550,83,,87,,,,,,22-JUL-16,22-JUL-16,PLANKTON,PLANKTON,
38770,70300,GU1608,0179,194,BON/CTD,13-JUN-16 04.07.38.000000000 AM,155,179,42.6617,-70.42,LSPRING,GOM,35,3660,12.08,C,OBL,STD,342,41,,46,,,,,,22-JUL-16,22-JUL-16,PLANKTON,PLANKTON,
38771,70301,GU1608,0180,195,BON/CTD,13-JUN-16 04.57.26.000000000 AM,156,180,42.5783,-70.5017,LSPRING,GOM,36,1260,12.14,C,OBL,STD,488,76,,80,,,,,,22-JUL-16,22-JUL-16,PLANKTON,PLANKTON,
38772,70302,GU1608,0181,196,BON/CTD,13-JUN-16 05.37.56.000000000 AM,157,181,42.5783,-70.4183,LSPRING,GOM,36,1260,12.26,C,OBL,STD,790,123,,127,,,,,,22-JUL-16,22-JUL-16,PLANKTON,PLANKTON,
38773,70303,GU1608,0182,197,BON/CTD,13-JUN-16 06.31.21.000000000 AM,158,182,42.4933,-70.42,LSPRING,GOM,36,1260,12.41,C,OBL,STD,520,76,,80,,,,,,22-JUL-16,22-JUL-16,PLANKTON,PLANKTON,
38774,70304,GU1608,0183,198,BON/CTD,13-JUN-16 07.53.59.000000000 AM,159,183,42.495,-70.67,LSPRING,GOM,35,3660,12.81,C,OBL,STD,512,60,,64,,,,,,22-JUL-16,22-JUL-16,PLANKTON,PLANKTON,
38775,70305,GU1608,0184,199,BON/CTD,13-JUN-16 09.02.48.000000000 AM,160,184,42.42,-70.8283,LSPRING,GOM,35,3640,12.82,C,OBL,STD,426,31,,35,,,,,,22-JUL-16,22-JUL-16,PLANKTON,PLANKTON,
38776,70306,GU1608,0185,200,BON/CTD,13-JUN-16 09.41.18.000000000 AM,161,185,42.415,-70.7517,LSPRING,GOM,35,3650,13.46,C,OBL,STD,446,36,,40,,,,,,22-JUL-16,22-JUL-16,PLANKTON,PLANKTON,
38777,70307,GU1608,0186,201,BON/CTD,13-JUN-16 11.01.03.000000000 AM,162,186,42.2467,-70.67,LSPRING,GOM,35,3640,13.12,C,OBL,STD,464,26,,30,,,,,,22-JUL-16,22-JUL-16,PLANKTON,PLANKTON,
38778,70308,GU1608,0187,202,BON/CTD,13-JUN-16 12.35.40.000000000 PM,163,187,42.0717,-70.4983,LSPRING,GOM,35,3610,12.58,C,OBL,STD,299,44,,48,,,,,,22-JUL-16,22-JUL-16,PLANKTON,PLANKTON,
38779,70309,GU1608,0188,203,BON/CTD,13-JUN-16 01.33.04.000000000 PM,164,188,42.1633,-70.42,LSPRING,GOM,36,1260,12.45,C,OBL,STD,331,60,,65,,,,,,22-JUL-16,22-JUL-16,PLANKTON,PLANKTON,
38780,70310,GU1608,0189,204,BON/CTD,13-JUN-16 02.23.33.000000000 PM,165,189,42.2467,-70.335,LSPRING,GOM,36,1260,11.73,C,OBL,STD,404,54,,59,,,,,,22-JUL-16,22-JUL-16,PLANKTON,PLANKTON,
38781,70311,GU1608,0190,205,BON/CTD,13-JUN-16 03.09.32.000000000 PM,166,190,42.3317,-70.3317,LSPRING,GOM,36,1260,11.85,C,OBL,STD,360,54,,60,,,,,,22-JUL-16,22-JUL-16,PLANKTON,PLANKTON,
38782,70312,GU1608,0191,206,BON/CTD,13-JUN-16 04.37.31.000000000 PM,167,191,42.4117,-70.0833,LSPRING,GOM,36,1260,12.1,C,OBL,STD,678,85,,87,,,,,,22-JUL-16,22-JUL-16,PLANKTON,PLANKTON,
38783,70313,GU1608,0192,207,BON/CTD,13-JUN-16 06.52.07.000000000 PM,168,192,42.0783,-70.0017,LSPRING,GOM,35,3610,12.12,C,OBL,STD,336,56,,59,,,,,,22-JUL-16,22-JUL-16,PLANKTON,PLANKTON,
38784,70314,GU1608,0193,208,BON/CTD,13-JUN-16 08.50.59.000000000 PM,169,193,42.0783,-70.3317,LSPRING,GOM,35,3610,13.44,C,OBL,STD,480,55,,61,,,,,,22-JUL-16,22-JUL-16,PLANKTON,PLANKTON,
38785,70315,GU1608,0194,209,BON/CTD,13-JUN-16 09.49.15.000000000 PM,170,194,41.9967,-70.2517,LSPRING,GOM,35,3610,15.33,C,OBL,STD,436,39,,44,,,,,,22-JUL-16,22-JUL-16,PLANKTON,PLANKTON,
38786,70316,GU1608,0195,210,BON/CTD,13-JUN-16 10.34.35.000000000 PM,171,195,41.9967,-70.1717,LSPRING,GOM,35,3600,15.19,C,OBL,STD,374,27,,32,,,,,,22-JUL-16,22-JUL-16,PLANKTON,PLANKTON,
38787,70317,GU1608,0196,211,BON/CTD,13-JUN-16 11.34.49.000000000 PM,172,196,41.9117,-70.1717,LSPRING,GOM,35,3590,15.43,C,OBL,STD,295,23,,28,,,,,,22-JUL-16,22-JUL-16,PLANKTON,PLANKTON,
38788,70318,GU1608,0197,212,BON/CTD,14-JUN-16 01.35.45.000000000 AM,173,197,41.83,-70.415,LSPRING,GOM,35,3590,14.41,C,OBL,STD,343,22,,26,,,,,,22-JUL-16,22-JUL-16,PLANKTON,PLANKTON,
38789,70319,GU1608,0198,213,BON/CTD,14-JUN-16 01.57.11.000000000 PM,174,198,41.2483,-71.0883,,SNE,20,1050,13.88,C,OBL,STD,352,39,,43,,,,,,22-JUL-16,22-JUL-16,PLANKTON,PLANKTON,
38790,70320,GU1608,0199,214,BON/CTD,14-JUN-16 03.16.46.000000000 PM,175,199,41.075,-71.0817,,SNE,20,1050,14.47,C,OBL,STD,355,30,,34,,,,,,22-JUL-16,22-JUL-16,PLANKTON,PLANKTON,
38791,70321,GU1608,0200,215,BON/CTD,14-JUN-16 04.36.47.000000000 PM,176,200,40.91,-71.0833,,SNE,20,1050,14.13,C,OBL,STD,413,49,,53,,,,,,22-JUL-16,22-JUL-16,PLANKTON,PLANKTON,
38792,70322,GU1608,0201,216,BON/CTD,14-JUN-16 06.08.16.000000000 PM,177,201,41.0817,-70.915,,SNE,20,1050,14.43,C,OBL,STD,385,34,,38,,,,,,22-JUL-16,22-JUL-16,PLANKTON,PLANKTON,
38793,70323,GU1608,0202,217,BON/CTD,14-JUN-16 08.44.36.000000000 PM,178,202,41.075,-70.4133,,SNE,24,1090,13.38,C,OBL,STD,508,35,,40,,,,,,22-JUL-16,22-JUL-16,PLANKTON,PLANKTON,
38794,70324,GU1608,0203,218,BON/CTD,14-JUN-16 10.39.03.000000000 PM,179,203,40.915,-70.17,,SNE,24,1090,13.63,C,OBL,STD,428,24,,28,,,,,,22-JUL-16,22-JUL-16,PLANKTON,PLANKTON,
38795,70325,GU1608,0204,219,BON/CTD,15-JUN-16 12.42.05.000000000 AM,180,204,40.665,-70.3317,,SNE,24,1090,12.76,C,OBL,STD,333,49,,52,,,,,,22-JUL-16,22-JUL-16,PLANKTON,PLANKTON,
38796,70326,GU1608,0205,220,BON/CTD,15-JUN-16 02.48.10.000000000 AM,181,205,40.5,-70.665,,SNE,19,1060,14.02,C,OBL,STD,425,70,,74,,,,,,22-JUL-16,22-JUL-16,PLANKTON,PLANKTON,
38797,70327,GU1608,0206,221,BON/CTD,15-JUN-16 05.35.46.000000000 AM,182,206,40.415,-71.1683,,SNE,19,1060,14.25,C,OBL,STD,442,80,,83,,,,,,22-JUL-16,22-JUL-16,PLANKTON,PLANKTON,
38798,70328,GU1608,0207,222,BON/CTD,15-JUN-16 06.57.59.000000000 AM,183,207,40.5817,-71.085,,SNE,19,1060,14.18,C,OBL,STD,470,68,,72,,,,,,22-JUL-16,22-JUL-16,PLANKTON,PLANKTON,
38799,70329,GU1608,0208,223,BON/CTD,15-JUN-16 08.11.13.000000000 AM,184,208,40.6633,-70.9183,,SNE,19,1060,13.89,C,OBL,STD,463,64,,68,,,,,,22-JUL-16,22-JUL-16,PLANKTON,PLANKTON,
38800,70330,GU1608,0209,224,BON/CTD,15-JUN-16 09.25.55.000000000 AM,185,209,40.7483,-70.755,,SNE,19,1060,13.67,C,OBL,STD,457,58,,63,,,,,,22-JUL-16,22-JUL-16,PLANKTON,PLANKTON,
38801,70331,GU1608,0210,225,BON/CTD,15-JUN-16 11.53.13.000000000 AM,186,210,40.7467,-71.2533,,SNE,19,1060,14.1,C,OBL,STD,408,56,,61,,,,,,22-JUL-16,22-JUL-16,PLANKTON,PLANKTON,
38802,70332,GU1608,0211,226,BON/CTD,15-JUN-16 01.15.32.000000000 PM,187,211,40.7483,-71.5017,,SNE,19,1060,14.57,C,OBL,STD,537,58,,63,,,,,,22-JUL-16,22-JUL-16,PLANKTON,PLANKTON,
38803,70333,GU1608,0212,227,BON/CTD,15-JUN-16 03.30.37.000000000 PM,188,212,40.6633,-71.9133,,SNE,20,1050,15.49,C,OBL,STD,500,47,,52,,,,,,22-JUL-16,22-JUL-16,PLANKTON,PLANKTON,
38804,70334,GU1608,0213,228,BON/CTD,15-JUN-16 05.30.01.000000000 PM,189,213,40.6617,-72.2533,,SNE,20,1050,14.8,C,OBL,STD,329,46,,49,,,,,,22-JUL-16,22-JUL-16,PLANKTON,PLANKTON,
38805,70335,GU1608,0214,229,BON/CTD,15-JUN-16 07.15.21.000000000 PM,190,214,40.8317,-72.0017,,SNE,20,1050,14.89,C,OBL,STD,343,36,,42,,,,,,22-JUL-16,22-JUL-16,PLANKTON,PLANKTON,
38806,70336,GU1608,0215,230,BON/CTD,15-JUN-16 09.35.28.000000000 PM,191,215,40.915,-71.5867,,SNE,20,1050,15.96,C,OBL,STD,389,52,,56,,,,,,22-JUL-16,22-JUL-16,PLANKTON,PLANKTON,
38807,70337,GU1608,0216,231,BON/CTD,15-JUN-16 11.49.34.000000000 PM,192,216,41.0783,-71.3217,,SNE,20,1050,15.46,C,OBL,STD,319,38,,42,,,,,,22-JUL-16,22-JUL-16,PLANKTON,PLANKTON,
38808,70338,GU1608,0217,232,BON/CTD,16-JUN-16 12.56.04.000000000 AM,193,217,41.165,-71.3183,,SNE,20,1050,15.24,C,OBL,STD,278,39,,43,,,,,,22-JUL-16,22-JUL-16,PLANKTON,PLANKTON,
38809,70339,GU1608,0218,233,BON/CTD,18-JUN-16 11.11.47.000000000 AM,194,218,39.6,-71.2983,,SNE,60,,18.45,C,OBL,OT,974,27,,2168,,,,,,22-JUL-16,22-JUL-16,PLANKTON,PLANKTON,
38810,70340,GU1608,0219,234,BON/CTD,18-JUN-16 01.28.50.000000000 PM,195,219,39.265,-71.2983,,SNE,58,,18.02,C,OBL,OT,785,26,,2681,,,,,,22-JUL-16,22-JUL-16,PLANKTON,PLANKTON,
38811,70341,GU1608,0220,235,BON/CTD,18-JUN-16 03.44.40.000000000 PM,196,220,38.9333,-71.3033,,SNE,58,,17.39,C,OBL,OT,781,26,,2800,,,,,,22-JUL-16,22-JUL-16,PLANKTON,PLANKTON,
38812,70342,GU1608,0221,236,BON/CTD,18-JUN-16 05.58.43.000000000 PM,197,221,38.6,-71.305,,SNE,58,,21.73,C,OBL,OT,773,26,,2869,,,,,,22-JUL-16,22-JUL-16,PLANKTON,PLANKTON,
38813,70343,GU1608,0222,237,BON/CTD,18-JUN-16 07.09.31.000000000 PM,198,222,38.46,-71.345,,SNE,58,,21.94,C,OBL,OT,691,26,,2917,,,,,,22-JUL-16,22-JUL-16,PLANKTON,PLANKTON,
38814,70344,GU1608,0223,238,BON/CTD,18-JUN-16 08.18.23.000000000 PM,199,223,38.325,-71.38,,SNE,58,,23.58,C,OBL,OT,641,26,,2973,,,,,,22-JUL-16,22-JUL-16,PLANKTON,PLANKTON,
38815,70345,GU1608,0224,239,BON/CTD,18-JUN-16 09.32.24.000000000 PM,200,224,38.18,-71.4167,,,,,23.54,C,OBL,OT,622,26,,3061,,,,,,22-JUL-16,22-JUL-16,PLANKTON,PLANKTON,
38816,70346,GU1608,0225,240,BON/CTD,18-JUN-16 10.52.14.000000000 PM,201,225,38.04,-71.4483,,,,,27.33,C,OBL,OT,790,27,,3168,,,,,,22-JUL-16,22-JUL-16,PLANKTON,PLANKTON,
38817,70347,GU1608,0226,241,BON/CTD,19-JUN-16 12.36.15.000000000 AM,202,226,37.8983,-71.505,,,,,28.2,C,OBL,OT,583,26,,3242,,,,,,22-JUL-16,22-JUL-16,PLANKTON,PLANKTON,
38818,70348,GU1608,0227,242,BON/CTD,19-JUN-16 02.48.14.000000000 AM,203,227,37.885,-71.7117,,,,,28.18,C,OBL,OT,597,26,,3153,,,,,,22-JUL-16,22-JUL-16,PLANKTON,PLANKTON,
38819,70349,GU1608,0228,243,BON/CTD,19-JUN-16 06.45.52.000000000 AM,204,228,37.86,-72.14,,,,,27.28,C,OBL,OT,774,27,,3200,,,,,,22-JUL-16,22-JUL-16,PLANKTON,PLANKTON,
38820,70350,GU1608,0229,244,BON/CTD,19-JUN-16 09.37.55.000000000 AM,205,229,37.8267,-72.5717,,MAB,54,,23.65,C,OBL,OT,637,26,,2911,,,,,,22-JUL-16,22-JUL-16,PLANKTON,PLANKTON,
38821,70351,GU1608,0230,245,BON/CTD,19-JUN-16 12.02.32.000000000 PM,206,230,37.8,-73,,MAB,54,,16.94,C,OBL,OT,594,28,,2739,,,,,,22-JUL-16,22-JUL-16,PLANKTON,PLANKTON,
38822,70352,GU1608,0231,246,BON/CTD,19-JUN-16 02.09.41.000000000 PM,207,231,37.4817,-73.1167,,MAB,54,,24.26,C,OBL,OT,590,26,,2916,,,,,,22-JUL-16,22-JUL-16,PLANKTON,PLANKTON,
38823,70353,GU1608,0232,247,BON/CTD,19-JUN-16 04.50.07.000000000 PM,208,232,37.1617,-73.24,,MAB,54,,24.47,C,OBL,OT,727,26,,2937,,,,,,22-JUL-16,22-JUL-16,PLANKTON,PLANKTON,
38824,70354,GU1608,0233,248,BON/CTD,19-JUN-16 06.53.37.000000000 PM,209,233,37.0017,-73.3017,,MAB,52,,27.53,C,OBL,OT,745,26,,3030,,,,,,22-JUL-16,22-JUL-16,PLANKTON,PLANKTON,
38825,70355,GU1608,0234,249,BON/CTD,19-JUN-16 08.59.24.000000000 PM,210,234,37,-73.5,,MAB,52,,25.98,C,OBL,OT,741,26,,2862,,,,,,22-JUL-16,22-JUL-16,PLANKTON,PLANKTON,
38826,70356,GU1608,0235,250,BON/CTD,19-JUN-16 10.45.04.000000000 PM,211,235,37.0017,-73.6983,,MAB,52,,25.16,C,OBL,OT,607,26,,2721,,,,,,22-JUL-16,22-JUL-16,PLANKTON,PLANKTON,
38827,70357,GU1608,0236,251,BON/CTD,20-JUN-16 12.22.52.000000000 AM,212,236,37.0017,-73.8983,,MAB,52,,24.62,C,OBL,OT,643,26,,2490,,,,,,22-JUL-16,22-JUL-16,PLANKTON,PLANKTON,
38828,70358,GU1608,0237,252,BON/CTD,20-JUN-16 01.32.38.000000000 AM,213,237,36.8833,-73.93,,MAB,52,,26.96,C,OBL,OT,607,26,,2624,,,,,,22-JUL-16,22-JUL-16,PLANKTON,PLANKTON,
38829,70359,GU1608,0238,253,BON/CTD,20-JUN-16 02.46.15.000000000 AM,214,238,36.7683,-73.96,,MAB,52,,27.17,C,OBL,OT,663,26,,2628,,,,,,22-JUL-16,22-JUL-16,PLANKTON,PLANKTON,
38830,70360,GU1608,0239,254,BON/CTD,20-JUN-16 04.40.29.000000000 AM,215,239,36.65,-74.1517,,MAB,52,,26.99,C,OBL,OT,700,26,,2353,,,,,,22-JUL-16,22-JUL-16,PLANKTON,PLANKTON,
38831,70361,GU1608,0240,255,BON/CTD,20-JUN-16 05.50.41.000000000 AM,216,240,36.6483,-74.3017,,MAB,52,,26.7,C,OBL,OT,651,26,,2037,,,,,,22-JUL-16,22-JUL-16,PLANKTON,PLANKTON,
38832,70362,GU1608,0241,256,BON/CTD,20-JUN-16 06.57.00.000000000 AM,217,241,36.6483,-74.4517,,MAB,52,,25.64,C,OBL,OT,621,26,,1723,,,,,,22-JUL-16,22-JUL-16,PLANKTON,PLANKTON,
39063,70594,HB1603,0002,2,BON/CTD,28-JUN-16 10.02.30.000000000 AM,2,2,40.1833,-71.2833,,SNE,19,1060,17.19,C,OBL,OT,678,92,,96,,,,,,11-JAN-17,11-JAN-17,PLANKTON,PLANKTON,
39064,70595,HB1603,0003,3,BON/CTD,28-JUN-16 04.06.16.000000000 PM,3,3,39.5667,-71.3817,,SNE,58,,19.07,C,OBL,OT,1213,203,,204,,,,,,11-JAN-17,11-JAN-17,PLANKTON,PLANKTON,
39065,70596,HB1603,0004,4,BON/CTD,28-JUN-16 10.24.19.000000000 PM,4,4,39.7267,-72.315,,SNE,15,1020,18.04,C,OBL,OT,802,97,,101,,,,,,11-JAN-17,11-JAN-17,PLANKTON,PLANKTON,
39066,70597,HB1603,0009,9,BON/CTD,29-JUN-16 11.14.38.000000000 PM,9,9,38.9483,-71.7283,,SNE,58,,21.52,C,OBL,OT,1120,203,,2495,,,,,,11-JAN-17,11-JAN-17,PLANKTON,PLANKTON,
39067,70598,HB1603,0010,12,BON/CTD,30-JUN-16 01.18.10.000000000 AM,12,10,38.95,-71.52,,SNE,58,,20.11,C,OBL,OT,1255,203,,2600,,,,,,11-JAN-17,11-JAN-17,PLANKTON,PLANKTON,
39068,70599,HB1603,0011,13,BON/CTD,30-JUN-16 02.53.57.000000000 AM,13,11,38.9233,-71.305,,SNE,58,,20.74,C,OBL,OT,1367,220,,2778,,,,,,11-JAN-17,11-JAN-17,PLANKTON,PLANKTON,
39069,70600,HB1603,0012,16,BON/CTD,30-JUN-16 04.53.13.000000000 AM,16,12,38.9583,-71.0983,,SNE,58,,19.5,C,OBL,OT,1683,203,,2932,,,,,,11-JAN-17,11-JAN-17,PLANKTON,PLANKTON,
39070,70601,HB1603,0014,18,BON/CTD,30-JUN-16 03.59.46.000000000 PM,18,14,38.09,-71.8233,,MAB,56,,23.66,C,OBL,OT,1172,196,,196,,,,,,11-JAN-17,11-JAN-17,PLANKTON,PLANKTON,
39071,70602,HB1603,0015,19,BON/CTD,01-JUL-16 12.23.25.000000000 AM,19,15,37.405,-71.85,,,,,28.35,C,OBL,OT,1195,202,,3399,,,,,,11-JAN-17,11-JAN-17,PLANKTON,PLANKTON,
39072,70603,HB1603,0016,22,BON/CTD,01-JUL-16 02.25.16.000000000 AM,22,16,37.4133,-71.905,,,,,28.33,C,OBL,OT,1219,211,,3351,,,,,,11-JAN-17,11-JAN-17,PLANKTON,PLANKTON,
39073,70604,HB1603,0017,23,BON/CTD,01-JUL-16 03.52.34.000000000 AM,23,17,37.5483,-71.855,,,,,26.54,C,OBL,OT,1016,212,,3290,,,,,,11-JAN-17,11-JAN-17,PLANKTON,PLANKTON,
39074,70605,HB1603,0018,26,BON/CTD,01-JUL-16 05.53.28.000000000 AM,26,18,37.6867,-71.8517,,,,,22.63,C,OBL,OT,1321,204,,3202,,,,,,11-JAN-17,11-JAN-17,PLANKTON,PLANKTON,
39075,70606,HB1603,0020,28,BON/CTD,01-JUL-16 03.54.39.000000000 PM,28,20,36.6333,-72.0967,,,,,25.33,C,OBL,OT,1323,201,,3829,,,,,,11-JAN-17,11-JAN-17,PLANKTON,PLANKTON,
39076,70607,HB1603,0021,29,BON/CTD,01-JUL-16 11.10.16.000000000 PM,29,21,37.29,-72.9717,,MAB,54,,27.92,C,OBL,OT,2279,196,,3046,,,,,,11-JAN-17,11-JAN-17,PLANKTON,PLANKTON,
39077,70608,HB1603,0022,31,BON/CTD,02-JUL-16 08.30.05.000000000 AM,31,22,38.2917,-73.985,,MAB,7,1700,21.26,C,OBL,OT,517,68,,73,,,,,,11-JAN-17,11-JAN-17,PLANKTON,PLANKTON,
39078,70609,HB1603,0023,33,BON/CTD,02-JUL-16 11.06.33.000000000 PM,33,23,38.615,-72.8383,,MAB,56,,21.98,C,OBL,OT,1272,204,,2162,,,,,,11-JAN-17,11-JAN-17,PLANKTON,PLANKTON,
39079,70610,HB1603,0026,37,BON/CTD,03-JUL-16 04.01.13.000000000 AM,37,26,38.4067,-72.645,,MAB,56,,21.7,C,OBL,OT,1109,204,,2752,,,,,,11-JAN-17,11-JAN-17,PLANKTON,PLANKTON,
39080,70611,HB1603,0027,39,CTD/IKMT,03-JUL-16 05.29.46.000000000 AM,39,27,38.3283,-72.5267,,MAB,56,,24.05,C,OBL,OT,376,22,,2925,,,,,,11-JAN-17,11-JAN-17,PLANKTON,PLANKTON,
39080,70612,HB1603,0027,40,BON/CTD,03-JUL-16 05.42.37.000000000 AM,40,27,38.3217,-72.5267,,MAB,56,,24.15,C,OBL,OT,1280,203,,2928,,,,,,11-JAN-17,11-JAN-17,PLANKTON,PLANKTON,
39081,70613,HB1603,0029,42,BON/CTD,03-JUL-16 04.00.32.000000000 PM,42,29,39.2717,-72.8233,,SNE,15,1020,21.2,C,OBL,OT,402,75,,83,,,,,,11-JAN-17,11-JAN-17,PLANKTON,PLANKTON,
39082,70614,HB1603,0030,43,BON/CTD,04-JUL-16 12.15.59.000000000 AM,43,30,39.215,-71.67,,SNE,58,,21.16,C,OBL,OT,1029,203,,2382,,,,,,11-JAN-17,11-JAN-17,PLANKTON,PLANKTON,
39083,70615,HB1603,0033,47,BON/CTD,04-JUL-16 04.35.54.000000000 AM,47,33,39.0483,-71.3467,,SNE,58,,20.65,C,OBL,OT,1313,204,,2808,,,,,,11-JAN-17,11-JAN-17,PLANKTON,PLANKTON,
39084,70616,HB1603,0035,50,BON/CTD,04-JUL-16 03.57.46.000000000 PM,50,35,38.74,-70.6833,,SNE,58,,24.99,C,OBL,OT,1323,197,,3000,,,,,,11-JAN-17,11-JAN-17,PLANKTON,PLANKTON,
39085,70617,HB1603,0036,51,BON/CTD,04-JUL-16 10.59.26.000000000 PM,51,36,38.3833,-69.875,,,,,28.05,C,OBL,OT,1003,206,,3529,,,,,,11-JAN-17,11-JAN-17,PLANKTON,PLANKTON,
39085,70618,HB1603,0036,52,CTD/IKMT,04-JUL-16 11.26.20.000000000 PM,52,36,38.3967,-69.8383,,,,,27.95,C,OBL,OT,572,26,,3520,,,,,,11-JAN-17,11-JAN-17,PLANKTON,PLANKTON,
39086,70619,HB1603,0037,53,BON/CTD,05-JUL-16 02.01.51.000000000 AM,53,37,38.4383,-70.0817,,,,,27.56,C,OBL,OT,1278,203,,3419,,,,,,11-JAN-17,11-JAN-17,PLANKTON,PLANKTON,
39086,70620,HB1603,0037,54,CTD/IKMT,05-JUL-16 02.29.15.000000000 AM,54,37,38.435,-70.0583,,,,,27.61,C,OBL,OT,446,27,,3434,,,,,,11-JAN-17,11-JAN-17,PLANKTON,PLANKTON,
39087,70621,HB1603,0038,55,BON/CTD,05-JUL-16 03.51.42.000000000 AM,55,38,38.485,-70.1683,,,,,25.64,C,OBL,OT,1230,203,,3326,,,,,,11-JAN-17,11-JAN-17,PLANKTON,PLANKTON,
39087,70622,HB1603,0038,56,CTD/IKMT,05-JUL-16 04.17.20.000000000 AM,56,38,38.48,-70.1533,,,,,24.94,C,OBL,OT,406,28,,3338,,,,,,11-JAN-17,11-JAN-17,PLANKTON,PLANKTON,
39088,70623,HB1603,0042,60,BON/CTD,06-JUL-16 03.59.03.000000000 PM,60,42,37.8367,-68.9317,,,,,27.69,C,OBL,OT,1300,203,,4124,,,,,,11-JAN-17,11-JAN-17,PLANKTON,PLANKTON,
39089,70624,HB1603,0043,61,BON/CTD,06-JUL-16 10.57.45.000000000 PM,61,43,37.6683,-68.24,,,,,28.38,C,OBL,OT,1435,205,,4708,,,,,,11-JAN-17,11-JAN-17,PLANKTON,PLANKTON,
39089,70625,HB1603,0043,62,CTD/IKMT,06-JUL-16 11.32.27.000000000 PM,62,43,37.6467,-68.2433,,,,,28.37,C,OBL,OT,437,27,,4719,,,,,,11-JAN-17,11-JAN-17,PLANKTON,PLANKTON,
39090,70626,HB1603,0044,63,BON/CTD,07-JUL-16 12.41.34.000000000 AM,63,44,37.5,-68.2983,,,,,26.06,C,OBL,OT,1208,203,,4766,,,,,,11-JAN-17,11-JAN-17,PLANKTON,PLANKTON,
39090,70627,HB1603,0044,64,CTD/IKMT,07-JUL-16 01.07.17.000000000 AM,64,44,37.4833,-68.29,,,,,25.52,C,OBL,OT,403,28,,4774,,,,,,11-JAN-17,11-JAN-17,PLANKTON,PLANKTON,
39091,70628,HB1603,0045,66,BON/CTD,07-JUL-16 02.35.29.000000000 AM,66,45,37.3567,-68.2767,,,,,26.64,C,OBL,OT,1216,201,,4831,,,,,,11-JAN-17,11-JAN-17,PLANKTON,PLANKTON,
39091,70629,HB1603,0045,67,CTD/IKMT,07-JUL-16 03.00.11.000000000 AM,67,45,37.3467,-68.26,,,,,26.33,C,OBL,OT,404,28,,4838,,,,,,11-JAN-17,11-JAN-17,PLANKTON,PLANKTON,
39092,70630,HB1603,0049,71,BON/CTD,07-JUL-16 03.50.46.000000000 PM,71,49,38.2567,-68.11,,,,,27.8,C,OBL,OT,1641,201,,4406,,,,,,11-JAN-17,11-JAN-17,PLANKTON,PLANKTON,
39093,70631,HB1603,0050,72,BON/CTD,07-JUL-16 11.40.24.000000000 PM,72,50,39.0667,-67.9033,,,,,25.62,C,OBL,OT,1505,204,,3629,,,,,,11-JAN-17,11-JAN-17,PLANKTON,PLANKTON,
39093,70632,HB1603,0050,73,CTD/IKMT,08-JUL-16 12.10.36.000000000 AM,73,50,39.0433,-67.9167,,,,,25.56,C,OBL,OT,612,21,,3724,,,,,,11-JAN-17,11-JAN-17,PLANKTON,PLANKTON,
39094,70633,HB1603,0051,74,CTD/IKMT,08-JUL-16 01.14.00.000000000 AM,74,51,38.9117,-67.9417,,,,,25.56,C,OBL,OT,392,23,,3793,,,,,,11-JAN-17,11-JAN-17,PLANKTON,PLANKTON,
39094,70634,HB1603,0051,75,BON/CTD,08-JUL-16 01.25.34.000000000 AM,75,51,38.905,-67.9433,,,,,25.56,C,OBL,OT,1052,205,,3805,,,,,,11-JAN-17,11-JAN-17,PLANKTON,PLANKTON,
39095,70635,HB1603,0052,76,BON/CTD,08-JUL-16 02.34.05.000000000 AM,76,52,38.775,-67.9783,,,,,25.67,C,OBL,OT,1096,205,,4053,,,,,,11-JAN-17,11-JAN-17,PLANKTON,PLANKTON,
39095,70636,HB1603,0052,77,CTD/IKMT,08-JUL-16 02.56.41.000000000 AM,77,52,38.7683,-67.9867,,,,,25.62,C,OBL,OT,381,27,,4059,,,,,,11-JAN-17,11-JAN-17,PLANKTON,PLANKTON,
39096,70637,HB1603,0053,78,BON/CTD,08-JUL-16 04.00.37.000000000 AM,78,53,38.6517,-68.0033,,,,,25.85,C,OBL,OT,1207,204,,4170,,,,,,11-JAN-17,11-JAN-17,PLANKTON,PLANKTON,
39096,70638,HB1603,0053,79,CTD/IKMT,08-JUL-16 04.25.43.000000000 AM,79,53,38.64,-68.0017,,,,,25.81,C,OBL,OT,412,27,,4179,,,,,,11-JAN-17,11-JAN-17,PLANKTON,PLANKTON,
39097,70639,HB1603,0056,82,BON/CTD,08-JUL-16 03.51.05.000000000 PM,82,56,39.6233,-67.7683,,,,,23.15,C,OBL,OT,1300,202,,3000,,,,,,11-JAN-17,11-JAN-17,PLANKTON,PLANKTON,
39098,70640,HB1603,0057,83,BON/CTD,08-JUL-16 11.37.40.000000000 PM,83,57,40.425,-67.6883,,GB,26,1150,20.24,C,OBL,OT,1185,170,,220,,,,,,11-JAN-17,11-JAN-17,PLANKTON,PLANKTON,
39099,70641,HB1603,0059,85,BON/CTD,11-JUL-16 09.02.22.000000000 AM,85,59,40.08,-72.85,,SNE,16,1010,22.31,C,OBL,OT,501,50,,53,,,,,,11-JAN-17,11-JAN-17,PLANKTON,PLANKTON,
39100,70642,HB1603,0060,87,BON/CTD,11-JUL-16 03.58.34.000000000 PM,87,60,39.5433,-73.97,,MAB,13,3200,23.64,C,OBL,OT,345,19,,26,,,,,,11-JAN-17,11-JAN-17,PLANKTON,PLANKTON,
39101,70643,HB1603,0061,88,BON/CTD,11-JUL-16 11.46.11.000000000 PM,88,61,39.1117,-74.4917,,MAB,12,3230,24.02,C,OBL,OT,411,16,,22,,,,,,11-JAN-17,11-JAN-17,PLANKTON,PLANKTON,
39102,70644,HB1603,0066,93,BON/CTD,12-JUL-16 09.04.30.000000000 AM,93,66,38.69,-74.5767,,MAB,8,1690,24.16,C,OBL,OT,391,28,,33,,,,,,11-JAN-17,11-JAN-17,PLANKTON,PLANKTON,
39103,70645,HB1603,0067,95,BON/CTD,12-JUL-16 03.53.37.000000000 PM,95,67,38.415,-74.8333,,MAB,9,3290,22.51,C,OBL,OT,390,16,,22,,,,,,11-JAN-17,11-JAN-17,PLANKTON,PLANKTON,
39104,70646,HB1603,0068,96,BON/CTD,12-JUL-16 10.12.23.000000000 PM,96,68,38.605,-74.0417,,MAB,8,1690,24.57,C,OBL,OT,455,52,,55,,,,,,11-JAN-17,11-JAN-17,PLANKTON,PLANKTON,
39105,70647,HB1603,0069,97,BON/CTD,13-JUL-16 08.27.34.000000000 AM,97,69,39.5333,-72.63,,SNE,15,1020,21.26,C,OBL,OT,524,79,,83,,,,,,11-JAN-17,11-JAN-17,PLANKTON,PLANKTON,
39106,70648,HB1603,0070,99,BON/CTD,13-JUL-16 03.54.49.000000000 PM,99,70,39.38,-71.6883,,SNE,58,,23.94,C,OBL,OT,1200,203,,2200,,,,,,11-JAN-17,11-JAN-17,PLANKTON,PLANKTON,
39107,70649,HB1603,0071,100,BON/CTD,13-JUL-16 10.32.39.000000000 PM,100,71,39.8317,-71.5283,,SNE,60,,22.84,C,OBL,OT,1377,202,,550,,,,,,11-JAN-17,11-JAN-17,PLANKTON,PLANKTON,
39108,70650,HB1603,0072,101,BON/CTD,19-JUL-16 09.01.06.000000000 AM,101,72,40.2017,-71.2983,,SNE,19,1060,23.04,C,OBL,OT,698,92,,96,,,,,,11-JAN-17,11-JAN-17,PLANKTON,PLANKTON,
39109,70651,HB1603,0073,103,BON/CTD,19-JUL-16 04.01.34.000000000 PM,103,73,39.6067,-70.49,,SNE,60,,25.01,C,OBL,OT,1457,215,,216,,,,,,11-JAN-17,11-JAN-17,PLANKTON,PLANKTON,
39110,70652,HB1603,0074,104,BON/CTD,19-JUL-16 09.49.17.000000000 PM,104,74,40.1933,-70.385,,SNE,22,1110,23.57,C,OBL,OT,707,113,,117,,,,,,11-JAN-17,11-JAN-17,PLANKTON,PLANKTON,
39111,70653,HB1603,0079,109,BON/CTD,20-JUL-16 03.48.24.000000000 PM,109,79,39.7983,-69.4833,,SNE,61,,25.35,C,OBL,OT,1174,203,,204,,,,,,11-JAN-17,11-JAN-17,PLANKTON,PLANKTON,
39112,70654,HB1603,0080,110,BON/CTD,20-JUL-16 10.53.28.000000000 PM,110,80,40.1383,-68.805,,SNE,22,1110,20.28,C,OBL,OT,1079,172,,183,,,,,,11-JAN-17,11-JAN-17,PLANKTON,PLANKTON,
39113,70655,HB1603,0085,115,BON/CTD,21-JUL-16 03.47.26.000000000 PM,115,85,40.3317,-68.1267,,GB,62,,19.84,C,OBL,OT,1190,200,,951,,,,,,11-JAN-17,11-JAN-17,PLANKTON,PLANKTON,
39114,70656,HB1603,0086,116,BON/CTD,21-JUL-16 10.57.11.000000000 PM,116,86,40.2667,-67.4983,,GB,62,,21.89,C,OBL,OT,1521,202,,1384,,,,,,11-JAN-17,11-JAN-17,PLANKTON,PLANKTON,
39115,70657,HB1603,0088,118,CTD/IKMT,22-JUL-16 08.07.58.000000000 AM,118,88,40.0067,-67.6533,,GB,62,,22.32,C,OBL,OT,615,21,,2832,,,,,,11-JAN-17,11-JAN-17,PLANKTON,PLANKTON,
39115,70658,HB1603,0088,119,BON/CTD,22-JUL-16 08.24.59.000000000 AM,119,88,39.9967,-67.6533,,GB,62,,22.32,C,OBL,OT,1333,204,,2897,,,,,,11-JAN-17,11-JAN-17,PLANKTON,PLANKTON,
39116,70659,HB1603,0089,121,BON/CTD,22-JUL-16 03.47.33.000000000 PM,121,89,39.6967,-66.6117,,,,,23.56,C,OBL,OT,1120,202,,4200,,,,,,11-JAN-17,11-JAN-17,PLANKTON,PLANKTON,
39117,70660,HB1603,0090,122,BON/CTD,22-JUL-16 11.05.04.000000000 PM,122,90,39.3933,-65.6217,,,,,27.41,C,OBL,OT,1414,212,,4437,,,,,,11-JAN-17,11-JAN-17,PLANKTON,PLANKTON,
39117,70661,HB1603,0090,123,CTD/IKMT,22-JUL-16 11.33.45.000000000 PM,123,90,39.3933,-65.6167,,,,,27.44,C,OBL,OT,431,26,,4424,,,,,,11-JAN-17,11-JAN-17,PLANKTON,PLANKTON,
39118,70662,HB1603,0095,128,BON/CTD,24-JUL-16 10.04.24.000000000 AM,128,95,40.15,-67.2167,,GB,62,,22.28,C,OBL,OT,1214,201,,1800,,,,,,11-JAN-17,11-JAN-17,PLANKTON,PLANKTON,
39119,70663,HB1603,0096,129,BON/CTD,24-JUL-16 03.45.50.000000000 PM,129,96,40.8233,-66.9233,,GB,27,1130,16.44,C,OBL,OT,560,89,,101,,,,,,11-JAN-17,11-JAN-17,PLANKTON,PLANKTON,
39120,70664,HB1603,0099,132,BON/CTD,25-JUL-16 08.56.11.000000000 AM,132,99,40.7383,-66.3017,,GB,63,,21.31,C,OBL,OT,1306,204,,2500,,,,,,11-JAN-17,11-JAN-17,PLANKTON,PLANKTON,
39121,70665,HB1603,0100,134,BON/CTD,25-JUL-16 03.46.59.000000000 PM,134,100,41.4283,-65.9733,,GB,28,1180,17.9,C,OBL,OT,1533,201,,348,,,,,,11-JAN-17,11-JAN-17,PLANKTON,PLANKTON,
39122,70666,HB1603,0101,135,BON/CTD,25-JUL-16 10.55.41.000000000 PM,135,101,41.9517,-65.42,,GOM,68,,21.14,C,OBL,OT,1320,201,,1491,,,,,,11-JAN-17,11-JAN-17,PLANKTON,PLANKTON,
39123,70667,HB1603,0107,141,BON/CTD,27-JUL-16 03.46.18.000000000 PM,141,107,41.6433,-64.965,,GOM,68,,22.02,C,OBL,OT,1531,202,,2726,,,,,,11-JAN-17,11-JAN-17,PLANKTON,PLANKTON,
39124,70668,HB1603,0110,144,BON/CTD,28-JUL-16 09.15.45.000000000 AM,144,110,40.9233,-65.05,,,,,24.24,C,OBL,OT,1169,202,,3639,,,,,,11-JAN-17,11-JAN-17,PLANKTON,PLANKTON,
39125,70669,HB1603,0111,145,BON/CTD,28-JUL-16 03.49.23.000000000 PM,145,111,40.1133,-65.1267,,,,,26.61,C,OBL,OT,1550,202,,4600,,,,,,11-JAN-17,11-JAN-17,PLANKTON,PLANKTON,
39126,70670,HB1603,0113,147,BON/CTD,29-JUL-16 08.04.35.000000000 AM,147,113,39.3017,-65.205,,,,,26.78,C,OBL,OT,1466,204,,4846,,,,,,11-JAN-17,11-JAN-17,PLANKTON,PLANKTON,
39128,70672,HB1603,0115,151,BON/CTD,30-JUL-16 08.59.02.000000000 AM,151,115,40.0717,-67.98,,GB,62,,21.96,C,OBL,OT,1109,204,,2209,,,,,,11-JAN-17,11-JAN-17,PLANKTON,PLANKTON,
39129,70673,HB1603,0116,153,BON/CTD,30-JUL-16 03.44.32.000000000 PM,153,116,39.36,-68.5167,,,,,25.37,C,OBL,OT,1355,202,,3000,,,,,,11-JAN-17,11-JAN-17,PLANKTON,PLANKTON,
39130,70674,HB1603,0117,154,BON/CTD,30-JUL-16 11.01.41.000000000 PM,154,117,38.9467,-69.185,,,,,24.72,C,OBL,OT,1469,204,,3278,,,,,,11-JAN-17,11-JAN-17,PLANKTON,PLANKTON,
39130,70675,HB1603,0117,155,CTD/IKMT,30-JUL-16 11.32.57.000000000 PM,155,117,38.9433,-69.17,,,,,24.75,C,OBL,OT,579,22,,3264,,,,,,11-JAN-17,11-JAN-17,PLANKTON,PLANKTON,
39131,70676,HB1603,0120,158,BON/CTD,31-JUL-16 03.45.33.000000000 PM,158,120,39.3283,-70.1633,,SNE,61,,25.57,C,OBL,OT,2627,203,,2671,,,,,,11-JAN-17,11-JAN-17,PLANKTON,PLANKTON,
39132,70677,HB1603,0121,159,BON/CTD,31-JUL-16 10.45.20.000000000 PM,159,121,39.5717,-70.99,,SNE,60,,25.99,C,OBL,OT,1250,203,,2450,,,,,,11-JAN-17,11-JAN-17,PLANKTON,PLANKTON,
39132,70678,HB1603,0121,160,CTD/IKMT,31-JUL-16 11.10.34.000000000 PM,160,121,39.585,-70.9983,,SNE,60,,25.98,C,OBL,OT,397,24,,2423,,,,,,11-JAN-17,11-JAN-17,PLANKTON,PLANKTON,
39133,70679,HB1603,0124,163,BON/CTD,01-AUG-16 03.52.27.000000000 PM,163,124,40.2583,-70.825,,SNE,18,1070,24.2,C,OBL,OT,586,112,,123,,,,,,11-JAN-17,11-JAN-17,PLANKTON,PLANKTON,
39134,70680,HB1603,0125,164,BON/CTD,01-AUG-16 10.47.03.000000000 PM,164,125,39.7333,-70.1267,,SNE,61,,26.13,C,OBL,OT,1202,203,,2058,,,,,,11-JAN-17,11-JAN-17,PLANKTON,PLANKTON,
39135,70681,HB1603,0129,168,BON/CTD,02-AUG-16 03.45.30.000000000 PM,168,129,40.1483,-69.6333,,SNE,23,1100,20.31,C,OBL,OT,587,87,,95,,,,,,11-JAN-17,11-JAN-17,PLANKTON,PLANKTON,
39136,70682,HB1603,0130,169,BON/CTD,02-AUG-16 10.57.30.000000000 PM,169,130,39.9433,-68.8217,,SNE,61,,24.37,C,OBL,OT,1245,204,,1703,,,,,,11-JAN-17,11-JAN-17,PLANKTON,PLANKTON,
39136,70683,HB1603,0130,170,CTD/IKMT,02-AUG-16 11.23.13.000000000 PM,170,130,39.955,-68.8133,,SNE,61,,24.48,C,OBL,OT,439,24,,1652,,,,,,11-JAN-17,11-JAN-17,PLANKTON,PLANKTON,
39140,70687,HB1603,0135,181,BON/CTD,10-AUG-16 10.11.07.000000000 PM,181,135,40.875,-70.555,,SNE,24,1090,22.11,C,OBL,OT,326,47,,55,,,,,,11-JAN-17,11-JAN-17,PLANKTON,PLANKTON,
39141,70688,HB1603,0136,182,BON/CTD,11-AUG-16 09.04.44.000000000 AM,182,136,40.4767,-68.5433,,GB,27,1130,20.04,C,OBL,OT,598,83,,92,,,,,,11-JAN-17,11-JAN-17,PLANKTON,PLANKTON,
39142,70689,HB1603,0138,184,BON/CTD,11-AUG-16 03.51.18.000000000 PM,184,138,40.2317,-67.6683,,GB,62,,23.32,C,OBL,OT,1596,192,,1400,,,,,,11-JAN-17,11-JAN-17,PLANKTON,PLANKTON,
39142,70690,HB1603,0138,185,CTD/IKMT,11-AUG-16 04.27.29.000000000 PM,185,138,40.215,-67.6567,,GB,62,,23.31,C,OBL,OT,665,25,,1400,,,,,,11-JAN-17,11-JAN-17,PLANKTON,PLANKTON,
39143,70691,HB1603,0139,186,BON/CTD,11-AUG-16 10.19.50.000000000 PM,186,139,40.5167,-66.9867,,GB,62,,23.95,C,OBL,OT,1389,202,,644,,,,,,11-JAN-17,11-JAN-17,PLANKTON,PLANKTON,
39144,70692,HB1603,0140,187,BON/CTD,12-AUG-16 09.13.21.000000000 AM,187,140,41.0783,-66.1383,,GB,63,,24.09,C,OBL,OT,1258,196,,1300,,,,,,11-JAN-17,11-JAN-17,PLANKTON,PLANKTON,
39144,70693,HB1603,0140,188,CTD/IKMT,12-AUG-16 09.41.43.000000000 AM,188,140,41.0683,-66.1483,,GB,63,,24.04,C,OBL,OT,650,25,,1300,,,,,,11-JAN-17,11-JAN-17,PLANKTON,PLANKTON,
39145,70694,HB1603,0141,190,BON/CTD,13-AUG-16 08.40.55.000000000 AM,190,141,42.1117,-65.47,,GOM,68,,20.34,C,OBL,OT,1027,205,,390,,,,,,11-JAN-17,11-JAN-17,PLANKTON,PLANKTON,
39146,70695,HB1603,0142,192,BON/CTD,13-AUG-16 03.48.42.000000000 PM,192,142,41.5733,-65.505,,GB,63,,26.3,C,OBL,OT,1309,203,,2000,,,,,,11-JAN-17,11-JAN-17,PLANKTON,PLANKTON,
39147,70696,HB1603,0143,193,BON/CTD,13-AUG-16 10.15.36.000000000 PM,193,143,41.435,-66.2383,,GB,29,1160,18.16,C,OBL,OT,906,107,,108,,,,,,11-JAN-17,11-JAN-17,PLANKTON,PLANKTON,
39148,70697,HB1603,0145,195,BON/CTD,14-AUG-16 08.33.35.000000000 AM,195,145,41.42,-65.865,,GB,63,,20.21,C,OBL,OT,1312,204,,1400,,,,,,11-JAN-17,11-JAN-17,PLANKTON,PLANKTON,
39149,70698,HB1603,0148,197,BON/CTD,14-AUG-16 03.43.28.000000000 PM,197,148,41.6883,-65.13,,GOM,68,,25.98,C,OBL,OT,1230,199,,2419,,,,,,11-JAN-17,11-JAN-17,PLANKTON,PLANKTON,
39150,70699,HB1603,0149,198,CTD/IKMT,14-AUG-16 04.19.06.000000000 PM,198,149,41.6783,-65.1317,,GOM,68,,25.95,C,OBL,OT,496,25,,2437,,,,,,11-JAN-17,11-JAN-17,PLANKTON,PLANKTON,
39151,70700,HB1603,0150,199,BON/CTD,14-AUG-16 08.47.38.000000000 PM,199,150,42.2483,-65.1483,,GOM,68,,20.08,C,OBL,OT,756,203,,656,,,,,,11-JAN-17,11-JAN-17,PLANKTON,PLANKTON,
39152,70701,HB1603,0151,200,BON/CTD,15-AUG-16 09.19.19.000000000 AM,200,151,40.735,-66.3133,,GB,63,,24.58,C,OBL,OT,1274,214,,2392,,,,,,11-JAN-17,11-JAN-17,PLANKTON,PLANKTON,
39152,70702,HB1603,0151,201,CTD/IKMT,15-AUG-16 09.45.28.000000000 AM,201,151,40.725,-66.315,,GB,63,,24.61,C,OBL,OT,681,27,,2543,,,,,,11-JAN-17,11-JAN-17,PLANKTON,PLANKTON,
39153,70703,HB1603,0153,203,BON/CTD,15-AUG-16 03.45.07.000000000 PM,203,153,40.4583,-67.015,,GB,62,,24.14,C,OBL,OT,1348,200,,1600,,,,,,11-JAN-17,11-JAN-17,PLANKTON,PLANKTON,
39154,70704,HB1603,0154,204,BON/CTD,15-AUG-16 10.15.45.000000000 PM,204,154,40.4283,-67.71,,GB,26,1140,20.6,C,OBL,OT,922,139,,150,,,,,,11-JAN-17,11-JAN-17,PLANKTON,PLANKTON,
39155,70705,HB1603,0155,205,BON/CTD,16-AUG-16 08.32.43.000000000 AM,205,155,40.1533,-69.64,,SNE,23,1100,22.64,C,OBL,OT,762,92,,99,,,,,,11-JAN-17,11-JAN-17,PLANKTON,PLANKTON,
39156,70706,HB1603,0156,207,BON/CTD,16-AUG-16 03.48.47.000000000 PM,207,156,39.83,-70.27,,SNE,61,,26.42,C,OBL,OT,1217,198,,1053,,,,,,11-JAN-17,11-JAN-17,PLANKTON,PLANKTON,
39157,70707,HB1603,0157,208,BON/CTD,16-AUG-16 09.01.33.000000000 PM,208,157,40.3233,-70.805,,SNE,19,1060,24.47,C,OBL,OT,651,104,,110,,,,,,11-JAN-17,11-JAN-17,PLANKTON,PLANKTON,
39158,70708,HB1603,0158,209,BON/CTD,18-AUG-16 08.43.48.000000000 AM,209,158,40.2067,-71.2867,,SNE,19,1060,24.4,C,OBL,OT,474,89,,97,,,,,,11-JAN-17,11-JAN-17,PLANKTON,PLANKTON,
39159,70709,HB1603,0159,211,BON/CTD,18-AUG-16 03.48.17.000000000 PM,211,159,39.7533,-70.725,,SNE,60,,26.41,C,OBL,OT,1317,188,,1985,,,,,,11-JAN-17,11-JAN-17,PLANKTON,PLANKTON,
39161,70711,HB1603,0160,213,BON/CTD,19-AUG-16 08.46.42.000000000 AM,213,160,40.0983,-68.5,,GB,62,,24.12,C,OBL,OT,1581,198,,907,,,,,,11-JAN-17,11-JAN-17,PLANKTON,PLANKTON,
39163,70713,HB1603,0161,216,BON/CTD,19-AUG-16 03.47.07.000000000 PM,216,161,39.9833,-67.5767,,GB,62,,25.04,C,OBL,OT,1393,204,,2682,,,,,,11-JAN-17,11-JAN-17,PLANKTON,PLANKTON,
39164,70714,HB1603,0162,217,BON/CTD,19-AUG-16 10.15.57.000000000 PM,217,162,39.66,-66.5183,,,,,25.73,C,OBL,OT,1115,197,,4197,,,,,,11-JAN-17,11-JAN-17,PLANKTON,PLANKTON,
39165,70715,HB1603,0163,219,CTD/IKMT,20-AUG-16 09.02.57.000000000 AM,219,163,39.6667,-66.5683,,,,,25.09,C,OBL,OT,847,25,,4107,,,,,,11-JAN-17,11-JAN-17,PLANKTON,PLANKTON,
39166,70716,HB1603,0164,220,BON/CTD,20-AUG-16 04.01.43.000000000 PM,220,164,39.4117,-65.7383,,,,,26.54,C,OBL,OT,1226,198,,4502,,,,,,11-JAN-17,11-JAN-17,PLANKTON,PLANKTON,
39167,70717,HB1603,0165,221,BON/CTD,20-AUG-16 10.31.24.000000000 PM,221,165,39.565,-65.365,,,,,25.43,C,OBL,OT,1219,199,,4696,,,,,,11-JAN-17,11-JAN-17,PLANKTON,PLANKTON,
39168,70718,HB1603,0166,223,BON/CTD,21-AUG-16 08.21.23.000000000 AM,223,166,40.2217,-65.685,,,,,23.85,C,OBL,OT,1166,200,,4001,,,,,,11-JAN-17,11-JAN-17,PLANKTON,PLANKTON,
39168,70719,HB1603,0166,225,CTD/IKMT,21-AUG-16 09.02.45.000000000 AM,225,166,40.235,-65.6933,,,,,23.83,C,OBL,OT,478,25,,3980,,,,,,11-JAN-17,11-JAN-17,PLANKTON,PLANKTON,
39169,70720,HB1603,0167,226,BON/CTD,21-AUG-16 03.50.24.000000000 PM,226,167,40.3033,-66.675,,GB,62,,26.21,C,OBL,OT,1436,198,,2690,,,,,,11-JAN-17,11-JAN-17,PLANKTON,PLANKTON,
39170,70721,HB1603,0168,227,BON/CTD,21-AUG-16 10.28.27.000000000 PM,227,168,40.9667,-66.5967,,GB,29,1160,20.36,C,OBL,OT,632,91,,99,,,,,,11-JAN-17,11-JAN-17,PLANKTON,PLANKTON,
39171,70722,HB1603,0169,228,BON/CTD,22-AUG-16 08.45.55.000000000 AM,228,169,40.7183,-66.5867,,GB,63,,24.77,C,OBL,OT,1073,200,,1933,,,,,,11-JAN-17,11-JAN-17,PLANKTON,PLANKTON,
39172,70723,HB1603,0171,230,CTD/IKMT,22-AUG-16 09.24.34.000000000 AM,230,171,40.7267,-66.5717,,GB,63,,24.86,C,OBL,OT,606,27,,1677,,,,,,11-JAN-17,11-JAN-17,PLANKTON,PLANKTON,
39173,70724,HB1603,0172,231,BON/CTD,22-AUG-16 03.49.44.000000000 PM,231,172,40.67,-67.0317,,GB,26,1140,26.28,C,OBL,OT,1178,160,,173,,,,,,11-JAN-17,11-JAN-17,PLANKTON,PLANKTON,
39174,70725,HB1603,0173,232,BON/CTD,22-AUG-16 11.17.49.000000000 PM,232,173,40.21,-67.125,,GB,62,,25.82,C,OBL,OT,1190,203,,2369,,,,,,11-JAN-17,11-JAN-17,PLANKTON,PLANKTON,
39175,70726,HB1603,0174,233,BON/CTD,23-AUG-16 09.01.15.000000000 AM,233,174,40.4667,-68.5117,,GB,27,1130,20.48,C,OBL,OT,582,88,,97,,,,,,11-JAN-17,11-JAN-17,PLANKTON,PLANKTON,
39176,70727,HB1603,0175,235,BON/CTD,23-AUG-16 03.48.12.000000000 PM,235,175,39.8483,-68.8783,,SNE,61,,23.78,C,OBL,OT,1532,199,,2009,,,,,,11-JAN-17,11-JAN-17,PLANKTON,PLANKTON,
39177,70728,HB1603,0176,236,BON/CTD,23-AUG-16 10.27.44.000000000 PM,236,176,40.0617,-69.6783,,SNE,22,1110,23.39,C,OBL,OT,672,108,,113,,,,,,11-JAN-17,11-JAN-17,PLANKTON,PLANKTON,
39178,70729,HB1603,0177,237,BON/CTD,24-AUG-16 09.19.59.000000000 AM,237,177,39.2867,-70.115,,SNE,61,,25.7,C,OBL,OT,1132,200,,2713,,,,,,11-JAN-17,11-JAN-17,PLANKTON,PLANKTON,
39179,70730,HB1603,0178,239,BON/CTD,24-AUG-16 03.47.19.000000000 PM,239,178,39.575,-70.8017,,SNE,60,,26.5,C,OBL,OT,1098,200,,2479,,,,,,11-JAN-17,11-JAN-17,PLANKTON,PLANKTON,
39127,70671,HB1603,2113,149,BON/CTD,29-JUL-16 03.47.04.000000000 PM,149,2113,39.5083,-66.035,,,,,27.52,C,OBL,OT,1391,200,,4373,,,,,,11-JAN-17,11-JAN-17,PLANKTON,PLANKTON,
39137,70684,HB1603,2129,174,BON/CTD,04-AUG-16 09.00.10.000000000 AM,174,2129,40.475,-70.0983,,SNE,23,1100,20.55,C,OBL,OT,454,66,,70,,,,,,11-JAN-17,11-JAN-17,PLANKTON,PLANKTON,
39138,70685,HB1603,2130,176,BON/CTD,04-AUG-16 03.41.06.000000000 PM,176,2130,40.705,-70.495,,SNE,23,1100,21.01,C,OBL,OT,404,51,,56,,,,,,11-JAN-17,11-JAN-17,PLANKTON,PLANKTON,
39139,70686,HB1603,2131,177,BON/CTD,05-AUG-16 12.09.43.000000000 AM,177,2131,40.8483,-71.07,,SNE,19,1060,22.01,C,OBL,OT,368,56,,60,,,,,,11-JAN-17,11-JAN-17,PLANKTON,PLANKTON,
39160,70710,HB1603,2159,212,BON/CTD,18-AUG-16 11.07.10.000000000 PM,212,2159,40.2567,-70.325,,SNE,23,1100,24.44,C,OBL,OT,560,90,,100,,,,,,11-JAN-17,11-JAN-17,PLANKTON,PLANKTON,
39162,70712,HB1603,2160,215,CTD/IKMT,19-AUG-16 09.43.53.000000000 AM,215,2160,40.095,-68.4783,,GB,62,,24.12,C,OBL,OT,334,24,,1125,,,,,,11-JAN-17,11-JAN-17,PLANKTON,PLANKTON,
